,EmployeeId,BranchId,FirstName,LastName,Position,Salary
0,196113,513896,Michael,Garcia,sales,11868
1,466409,788749,John,Davis,sales,24140
2,678382,513896,Patricia,Martin,support,22354
3,343042,788749,Daniel,Garcia,customer representative,23266
4,349227,846823,Susan,Lee,accountant,22568
5,175896,846823,Susan,Wilson,sales,20034
6,834225,788749,Maria,Martinez,customer representative,23058
7,835699,788749,Mary,Miller,support,12213
8,188241,788749,Mark,Thompson,software engineer,20351
9,670263,513896,Mary,Williams,software engineer,12265
10,950483,513896,John,Lee,accountant,12723
11,142383,513896,Barbara,Miller,support,17963
12,585405,788749,Susan,Brown,customer representative,23425
13,185769,846823,Mary,Thompson,software engineer,18777
14,882580,513896,Robert,Jackson,accountant,17713
15,146262,513896,David,Davis,software engineer,14533
16,154663,513896,Charles,Anderson,accountant,15629
17,480379,513896,Joseph,Smith,accountant,15670
18,723857,513896,William,Lee,customer representative,21551
19,364354,788749,Robert,Wilson,software engineer,13965
20,561524,513896,Jennifer,Anderson,accountant,16343
21,317445,513896,Daniel,Rodriguez,software engineer,23887
22,687055,788749,Susan,Thompson,accountant,16483
23,489287,788749,James,Williams,customer representative,8340
24,14813,513896,Richard,Anderson,sales,13823
25,700590,846823,Michael,Brown,software engineer,18714
26,968356,846823,Jennifer,Thomas,software engineer,17722
27,870777,846823,Linda,Anderson,software engineer,11228
28,521514,788749,Linda,Williams,customer representative,11115
29,345676,513896,Elizabeth,Thompson,software engineer,15763
30,410304,513896,Susan,Thomas,sales,23727
31,401609,513896,David,Thomas,software engineer,21393
32,520408,846823,Michael,Garcia,software engineer,16235
33,598691,846823,Elizabeth,Rodriguez,sales,8051
34,580033,788749,Thomas,Rodriguez,customer representative,18901
35,51879,846823,Susan,Martinez,customer representative,21284
36,515178,788749,Mary,Wilson,customer representative,17340
37,551126,513896,Daniel,Rodriguez,software engineer,21606
38,651225,788749,John,Taylor,customer representative,18147
39,183195,788749,James,Garcia,support,13992
40,792320,513896,Robert,Martinez,accountant,9940
41,838579,846823,Daniel,Smith,support,10607
42,61665,846823,Charles,Martin,software engineer,22377
43,745939,513896,Thomas,White,customer representative,9958
44,601114,846823,James,Smith,support,9068
45,534456,788749,Barbara,Lee,software engineer,12336
46,455053,788749,Mary,Thompson,accountant,18392
47,399636,513896,Maria,Johnson,customer representative,24923
48,860083,513896,Mark,Rodriguez,accountant,9752
49,645169,513896,Michael,Wilson,customer representative,11752
50,709784,513896,Mark,Jones,sales,18174
51,550900,846823,Susan,Miller,software engineer,8414
52,355310,513896,Linda,Moore,sales,12062
53,920628,846823,James,Johnson,sales,21384
54,446254,846823,Elizabeth,Martin,software engineer,18148
55,148801,788749,Mark,Lee,sales,15267
56,690064,846823,Charles,Taylor,customer representative,11694
57,57899,513896,David,Jones,software engineer,16442
58,332557,513896,Susan,Garcia,software engineer,13218
59,640824,513896,Elizabeth,Garcia,accountant,15801
60,962660,788749,Mark,Smith,sales,22412
61,377641,846823,Elizabeth,Martin,support,23655
62,280102,788749,Linda,Williams,sales,10213
63,962650,846823,James,Jones,software engineer,18474
64,958515,788749,David,Moore,software engineer,21848
65,593152,846823,Susan,Garcia,sales,22445
66,7494,788749,Michael,Brown,accountant,10868
67,405970,846823,John,Johnson,sales,11388
68,532598,846823,Barbara,Martin,sales,14509
69,347117,513896,James,Johnson,customer representative,8644
70,36661,788749,Patricia,Williams,software engineer,19548
71,560061,513896,William,Jackson,customer representative,20890
72,141080,788749,David,Taylor,accountant,24920
73,87912,846823,Richard,Jackson,customer representative,20658
74,968749,513896,Maria,Davis,software engineer,17724
75,310927,788749,Susan,Moore,software engineer,14885
76,161560,513896,Linda,Davis,software engineer,19958
77,813924,846823,Barbara,Lee,accountant,18077
78,494152,788749,Barbara,Johnson,software engineer,12001
79,281840,846823,Thomas,Davis,sales,15329
80,592339,513896,Robert,White,customer representative,13656
81,525887,788749,John,Brown,sales,20102
82,542051,788749,Maria,Davis,customer representative,21443
83,34319,846823,Thomas,Miller,customer representative,13604
84,871009,513896,Patricia,Rodriguez,sales,9579
85,398311,846823,Linda,Jackson,support,10794
86,244453,513896,Susan,Williams,software engineer,14614
87,808598,513896,Jennifer,Smith,support,9759
88,560589,788749,Mary,Thomas,sales,20037
89,995974,846823,Linda,Smith,customer representative,13733
90,408494,513896,Linda,Anderson,support,22961
91,961526,846823,Linda,Anderson,accountant,13756
92,798612,788749,John,Smith,customer representative,12329
93,278898,788749,Daniel,Davis,accountant,24361
94,596795,788749,Elizabeth,Thomas,support,13745
95,405776,846823,David,Rodriguez,sales,11010
96,227469,513896,Charles,Garcia,customer representative,14021
97,323498,846823,Charles,Jones,accountant,24013
98,793241,513896,Thomas,Garcia,software engineer,24297
99,399315,513896,Daniel,Lee,support,22458
100,319544,846823,Robert,Martinez,software engineer,15978
101,684763,513896,Daniel,Smith,customer representative,23780
102,467147,788749,Joseph,White,sales,20616
103,733382,513896,Mary,Johnson,accountant,16272
104,643952,846823,Thomas,Williams,accountant,14825
105,766732,513896,John,Davis,accountant,11098
106,848496,788749,Jennifer,Johnson,sales,22983
107,473256,788749,Patricia,Martin,sales,14214
108,134475,788749,John,Williams,customer representative,12636
109,820509,846823,Barbara,Johnson,customer representative,23031
110,823413,513896,Charles,Thompson,accountant,22758
111,377035,788749,Patricia,Smith,accountant,16413
112,928318,846823,William,Miller,software engineer,19405
113,234052,513896,Michael,Martinez,accountant,16665
114,981958,788749,Daniel,Johnson,customer representative,15024
115,748674,513896,Maria,Taylor,support,22060
116,748561,513896,Maria,Garcia,customer representative,22743
117,897087,846823,Susan,Rodriguez,customer representative,17660
118,451460,788749,Richard,Williams,support,15234
119,237345,788749,James,Thomas,support,22409
120,9597,513896,David,Johnson,sales,13844
121,317964,788749,Mark,Moore,software engineer,8456
122,602783,513896,Jennifer,Anderson,sales,13797
123,931402,846823,James,Martin,customer representative,18510
124,864694,846823,Richard,Davis,software engineer,17745
125,718603,513896,Barbara,Davis,customer representative,24612
126,556692,788749,David,Garcia,support,18287
127,703334,788749,James,Williams,sales,24237
128,147720,513896,Daniel,Jackson,customer representative,17742
129,718269,513896,James,Lee,support,15800
130,216419,513896,Daniel,Garcia,sales,19770
131,971257,846823,James,Johnson,customer representative,15708
132,261034,513896,Susan,Lee,accountant,12129
133,683079,513896,Michael,Moore,software engineer,8002
134,198030,788749,William,Davis,sales,13176
135,581418,513896,Elizabeth,Davis,support,15589
136,754462,513896,Daniel,Williams,support,9719
137,589516,846823,John,Williams,software engineer,11180
138,116846,788749,Michael,Jackson,software engineer,22204
139,21753,846823,Mark,Thompson,software engineer,13733
140,504317,846823,Barbara,Jackson,support,20001
141,762728,788749,David,Smith,software engineer,19897
142,927493,846823,Linda,Rodriguez,sales,23011
143,825901,846823,Patricia,Jones,software engineer,22968
144,826472,846823,Charles,Wilson,support,16594
145,470223,788749,Michael,Taylor,support,9369
146,298859,513896,Maria,Wilson,support,22917
147,791213,846823,David,Garcia,accountant,20640
148,867733,846823,Joseph,Moore,accountant,8826
149,390956,788749,Maria,Anderson,accountant,21849
150,482079,513896,Daniel,Williams,software engineer,10398
151,564425,846823,Mary,Thomas,accountant,9348
152,401936,513896,James,Davis,support,20005
153,816980,513896,Linda,Thompson,support,20868
154,131141,846823,Mark,Anderson,accountant,22113
155,866661,788749,James,Lee,software engineer,21159
156,592282,846823,Mark,Smith,sales,9011
157,780559,788749,Maria,Thompson,customer representative,13832
158,92283,846823,James,Rodriguez,support,24410
159,323215,846823,William,Williams,accountant,11493
160,984429,513896,Thomas,Brown,customer representative,9305
161,142276,513896,Maria,Moore,accountant,23219
162,162565,513896,Mark,Moore,support,14534
163,309179,846823,Robert,Brown,customer representative,17929
164,59294,846823,Maria,Lee,software engineer,19942
165,2574,788749,John,Smith,sales,8374
166,855435,846823,Maria,Taylor,sales,20689
167,356905,788749,Jennifer,Anderson,sales,21653
168,342487,788749,Charles,Thomas,accountant,11255
169,582709,846823,John,Miller,support,19124
170,877132,513896,Thomas,Davis,customer representative,20738
171,395604,513896,Richard,Anderson,support,23330
172,265897,788749,Joseph,White,customer representative,15259
173,734840,788749,Thomas,Davis,sales,9503
174,805837,513896,William,Lee,software engineer,23942
175,371446,513896,William,Martin,sales,8076
176,46845,788749,David,Rodriguez,accountant,21584
177,592034,846823,Barbara,Lee,accountant,22240
178,380986,513896,Joseph,Garcia,support,9357
179,274991,846823,John,Moore,software engineer,23227
180,430696,513896,John,Martinez,software engineer,21441
181,858193,846823,Daniel,Lee,support,16952
182,202791,513896,David,Brown,software engineer,23597
183,890623,788749,Jennifer,Martin,support,23945
184,496794,788749,Thomas,Jones,software engineer,24106
185,527314,513896,Linda,Martin,sales,17932
186,816955,513896,Maria,Rodriguez,support,9352
187,822359,513896,Maria,Martinez,software engineer,13581
188,118365,513896,Mark,Martinez,customer representative,9471
189,480682,788749,Elizabeth,Wilson,software engineer,22293
190,817681,513896,Daniel,Anderson,software engineer,19352
191,201946,788749,Linda,Martin,sales,24835
192,421604,513896,Charles,Smith,accountant,20377
193,525393,513896,Elizabeth,Rodriguez,accountant,23410
194,684815,513896,John,Rodriguez,accountant,17368
195,577492,788749,Joseph,Thompson,sales,9064
196,950337,788749,Barbara,Jones,customer representative,23329
197,714600,846823,William,Jones,sales,16125
198,770711,788749,Robert,Wilson,software engineer,22703
199,605963,788749,Charles,Thomas,support,8702
200,752499,788749,James,White,support,12688
201,84594,788749,Patricia,Thompson,sales,10996
202,334851,513896,Thomas,Rodriguez,support,13148
203,129865,513896,Daniel,Thomas,support,21131
204,806943,788749,Patricia,Johnson,software engineer,18846
205,756357,513896,Thomas,Rodriguez,sales,20356
206,278818,513896,Robert,Wilson,software engineer,17499
207,154722,846823,Thomas,Taylor,support,16629
208,405185,846823,Daniel,Jones,software engineer,21795
209,580302,846823,Patricia,Anderson,software engineer,19785
210,896313,513896,David,Smith,customer representative,14127
211,154547,846823,William,Williams,customer representative,8958
212,953110,513896,Linda,Anderson,sales,12415
213,524210,788749,Maria,Johnson,accountant,11529
214,634687,788749,Robert,Williams,accountant,22376
215,888507,788749,John,Wilson,accountant,24055
216,595848,513896,William,Lee,software engineer,16091
217,341189,788749,David,Lee,customer representative,10091
218,381803,846823,Thomas,Smith,customer representative,9615
219,955584,513896,Robert,Davis,software engineer,16848
220,415532,788749,Charles,Thomas,accountant,19176
221,285830,513896,Charles,Johnson,accountant,8655
222,476796,513896,Jennifer,Wilson,customer representative,10183
223,869467,846823,Susan,Anderson,customer representative,10994
224,877282,846823,Mark,Jones,support,8177
225,10471,513896,David,Martin,accountant,22674
226,814660,513896,Thomas,Davis,support,19679
227,540376,788749,John,Jackson,accountant,16963
228,16181,513896,Thomas,Thomas,customer representative,19089
229,679065,788749,Robert,Jones,sales,19044
230,489423,788749,Linda,Moore,customer representative,15221
231,62955,846823,Robert,Moore,software engineer,22278
232,727595,846823,Jennifer,Anderson,support,19670
233,834443,846823,Elizabeth,Smith,sales,22725
234,197146,846823,James,Moore,support,18875
235,286127,788749,Jennifer,Wilson,software engineer,9078
236,655837,513896,Linda,Smith,support,19710
237,444941,788749,James,Davis,accountant,11421
238,607265,846823,Joseph,Martinez,sales,19104
239,682901,846823,Jennifer,Williams,sales,12728
240,725316,513896,Maria,Moore,customer representative,21293
241,999829,513896,Richard,Garcia,accountant,14734
242,819264,788749,Joseph,Johnson,support,10068
243,754650,846823,Susan,Thompson,sales,12554
244,463710,846823,Barbara,Martin,support,21716
245,357719,513896,Patricia,Moore,customer representative,12904
246,817551,846823,Charles,Johnson,sales,14135
247,309107,513896,Joseph,White,sales,9222
248,809660,788749,Mark,Jones,software engineer,15441
249,450668,846823,William,Thompson,software engineer,8756
250,722274,846823,Mary,Moore,customer representative,8193
251,31602,788749,William,Miller,customer representative,13485
252,102767,513896,James,Johnson,support,22596
253,288264,513896,Joseph,Brown,customer representative,13068
254,52219,846823,Richard,Wilson,software engineer,12793
255,339532,788749,Mary,Martin,support,9885
256,765687,513896,Jennifer,Anderson,customer representative,22770
257,763996,846823,Elizabeth,Davis,software engineer,14081
258,920472,846823,Daniel,Jackson,sales,9241
259,639126,513896,Susan,White,software engineer,8491
260,57743,788749,Robert,Johnson,support,23313
261,927722,513896,Robert,Moore,software engineer,23321
262,531758,513896,Mary,Lee,support,17091
263,378491,788749,John,Thomas,sales,9821
264,451211,513896,Maria,Wilson,accountant,14206
265,664644,846823,Mark,Smith,support,20446
266,700727,846823,Barbara,Garcia,customer representative,15284
267,453772,846823,William,Brown,support,24678
268,411672,788749,Joseph,Anderson,customer representative,18338
269,136648,788749,Barbara,Wilson,sales,19666
270,349283,513896,Mark,Thompson,sales,10858
271,936230,846823,Elizabeth,Garcia,support,8747
272,250551,846823,Michael,Thomas,sales,15105
273,586124,846823,Maria,Anderson,customer representative,22842
274,976689,788749,Susan,Moore,accountant,17475
275,373682,846823,Mary,Thomas,sales,14027
276,900763,846823,Patricia,Williams,accountant,14963
277,83860,513896,David,Lee,accountant,12614
278,482580,846823,Charles,Rodriguez,software engineer,20657
279,251127,846823,John,Garcia,accountant,19218
280,474071,513896,Mary,Brown,software engineer,22263
281,88795,788749,Barbara,Taylor,software engineer,11118
282,962052,788749,Robert,White,software engineer,23010
283,421152,788749,Maria,Taylor,accountant,13822
284,274571,788749,Charles,Thompson,customer representative,8134
285,715346,788749,Susan,Davis,customer representative,18323
286,133081,513896,Barbara,Rodriguez,accountant,15041
287,69677,846823,Thomas,Garcia,customer representative,9209
288,15871,788749,Thomas,Davis,accountant,13996
289,921984,846823,David,Martinez,software engineer,10864
290,636723,788749,Robert,Anderson,accountant,20213
291,897252,788749,Barbara,White,software engineer,11197
292,422305,846823,Michael,Smith,software engineer,15172
293,453189,513896,Robert,Martinez,software engineer,9753
294,581443,513896,Richard,Rodriguez,sales,20618
295,110786,846823,Linda,Miller,accountant,15004
296,962884,513896,Maria,Thompson,accountant,9428
297,861456,846823,Susan,Davis,support,24910
298,432112,513896,Charles,Smith,accountant,8261
299,145452,513896,Patricia,Rodriguez,software engineer,17440
