,UserId,FirstName,LastName,HouseNumber,Street,City,Province,IsSuperHost
0,48401,James,Williams,4454,STACEY CIR,KETCHIIKAN,NU,False
1,353620,Robert,Miller,2684,Haloff Way,CROWN POINT,NL,False
2,925091,Richard,Rodriguez,1591,KATY JILL CT,SALAMATOF,SK,False
3,632008,Jennifer,Martinez,3526,NEVA CIR,SELDOVIA,QC,False
4,791784,Thomas,Taylor,1398,CARLISLE ST,NANWALEK,AB,False
5,138078,Susan,Jackson,330,ALYSON CIR,KETCHIAKAN,NL,False
6,140802,Daniel,Martin,647,ROMA ST,HAPPY VALLEY,SK,False
7,573645,Robert,Moore,4666,TANADA LOOP,KACHEMAK,NT,False
8,388195,Linda,Jones,1450,MANORWOOD POINTE CIR,HOMER,YT,False
9,414663,Robert,Moore,2605,PENNY CT,FRITZ CREEK,NB,False
10,182511,Susan,Taylor,2250,SHAW CIR,HAPPY VALLEY,PE,False
11,383012,Jennifer,Moore,1834,W 74TH AVE,SELDOVIA VILLAGE,BC,False
12,249872,Patricia,Wilson,3910,JAMAL LN,RIDGEWAY,ON,True
13,149754,Barbara,Johnson,1477,SHAUN CIR,LOWELL POINT,NB,False
14,183753,Joseph,Rodriguez,4920,W GARTEN DR,PRIMROSE,MB,False
15,919592,Susan,Moore,2773,E SUE LN UNIT 1D,KIETCHIKAN,NB,False
16,701007,Michael,Thompson,2827,BUSH ST,SELDOVIA,AB,False
17,30799,John,Martinez,2413,HARD ROCK ST,FOX RIVER,AB,False
18,460180,James,Taylor,4489,LINCOLN CHANNEL,SUNRISE,QC,False
19,372290,Barbara,Johnson,2802,COVE DRIVE,PORT GRAHAM,SK,False
20,828087,Maria,Rodriguez,3691,E ODSATHER CIR #5A,CLAM GULCH,NL,False
21,587129,Charles,Thompson,1586,DE ETTE CIR,KETCHIKNA,NT,False
22,87566,Maria,Moore,2990,OKIE DRIFTER LN,KASILOF,ON,False
23,183586,Mark,Jones,2452,HANNAH RENE RD,CLAM GULCH,ON,False
24,603419,Elizabeth,White,3990,W 4TH AVE,NIKOLAEVSK,ON,False
25,663810,William,Martin,21,HOLDEN DR,CROWN POINT,NL,False
26,907983,William,Thomas,1392,S 2nd Ave,BELUGA,NT,False
27,377852,Patricia,Wilson,4130,S HERITAGE FARM RD,LOWELL POINT,YT,False
28,924724,Mark,Johnson,4378,GOLD CLAIM AVE,FRITZ CREEK,NU,False
29,981981,Mary,Anderson,3570,DORY DR,SELDOVIA VILLAGE,NT,False
30,399711,Linda,Anderson,2298,DONNA DR,COHOE,NL,False
31,245896,Michael,Garcia,416,KACHEMAK DR,KALIFORNSKY,NB,False
32,694135,William,Lee,2182,E STARBEARER CIR,CLAM GULCH,QC,False
33,279944,Charles,Williams,3741,S DRAGONFLY BROOK TRL,KACHEMAK,AB,False
34,767132,Joseph,Martin,2339,MARK CIR,PRIMROSE,ON,False
35,453264,Susan,White,1892,BART ST,KALIFORNSKY,NB,False
36,841186,Charles,Thomas,1397,GERAGHTY AVE,CLAM GULCH,ON,False
37,116300,Robert,Thomas,1959,S ALPINE ST,SOLDOTNA,BC,False
38,714704,Daniel,Anderson,1963,W OLD PARKS HWY,SELDOVIA,NB,False
39,611315,Maria,Anderson,816,FOX AVE,KALIFORNSKY,NS,False
40,895014,William,White,1216,MARCIA LN,KALIFORNSKY,AB,False
41,618649,John,Rodriguez,2507,BONIFACE PKWY,SALAMATOF,NL,False
42,958733,Elizabeth,White,3477,WYNONA CT,STERLING,PE,False
43,640382,Mary,Thomas,1984,MINERVA CT,SELDOVIA VILLAGE,NL,False
44,183571,Barbara,Thomas,1029,SANDFORD CT,HALIBUT COVE,QC,False
45,161447,Patricia,Thomas,244,SUMMIT TER,HALIBUT COVE,NT,False
46,855959,Susan,Davis,2527,E FLOAT SMALL BOAT HBR,HAPPY VALLEY,NL,False
47,540246,Patricia,Wilson,2013,LAKEWOOD RD,NIKOLAEVSK,NB,False
48,804776,Jennifer,Thompson,513,BRYANT CT,LOWELL POINT,ON,False
49,699912,Patricia,Taylor,338,E BRADFORD DR,HOPE,BC,False
50,134069,Maria,Jones,22,E PRIMROSE CIR 5B,KETCHIIKAN,BC,False
51,101327,Maria,Garcia,3637,W ELVAS CT,KETCHIKNA,SK,False
52,109423,Elizabeth,Wilson,2689,W TOLSON AVE,FRITZ CREEK,NT,False
53,648750,Joseph,Jones,2616,MORNING CIR,HOPE,MB,True
54,996061,Patricia,Anderson,362,NEWBERRY AVE,KACHEMAK,PE,False
55,83545,Richard,Martin,2459,RIDGELAKE CIR,CLAM GULCH,NS,False
56,124617,Jennifer,Johnson,1704,S EAGLE BAY DR,HAPPY VALLEY,NB,False
57,977215,Daniel,Wilson,2731,KOSO DR,KETCHIKNA,QC,False
58,513031,Joseph,Moore,2897,WIK CIR,SALAMATOF,BC,False
59,41677,David,White,178,HOWELL ST,SUNRISE,AB,False
60,754765,William,Martinez,1645,LOOMIS ST,KALIFORNSKY,AB,False
61,552438,David,Jones,3148,Magnolia Ct,TYONEK,NS,False
62,328029,Patricia,Miller,2510,E OUTDRIVE AVE,MOOSE PASS,NS,False
63,68493,Jennifer,Lee,3345,N LIL'S CIR,SELDOVIA VILLAGE,NS,False
64,929621,Barbara,Jones,4382,N SANDPIPER CIR,KETCHIAKAN,NT,False
65,501645,Mary,Thompson,2711,GILBERT ST,HOPE,NS,False
66,353990,Joseph,Rodriguez,3276,E 11TH CT,KASILOF,NS,False
67,572545,Barbara,Garcia,973,WEST POINTE CIR,KETCHIKNA,BC,False
68,891846,Barbara,Thomas,4338,S DECAMP CIR,FUNNY RIVER,PE,False
69,79398,Daniel,Taylor,1587,MUSKRAT WAY,CLAM GULCH,SK,False
70,379276,David,Johnson,2486,ZARVIS PL,SELDOVIA VILLAGE,ON,False
71,710527,John,White,2076,OLD STERLING HWY,HOMER,QC,False
72,398511,Mark,Williams,993,E MATANUSKA SPUR,KALIFORNSKY,YT,False
73,654952,William,Johnson,4694,REBEL RUN RD,KALIFORNSKY,YT,False
74,644097,Richard,Williams,2154,W MOOSE RIDGE CIR,TYONEK,NL,False
75,82476,Joseph,Jackson,4449,MAMMOTH DR,NIKOLAEVSK,QC,False
76,546125,John,Brown,4169,TRIA RD,SELDOVIA VILLAGE,BC,False
77,848108,Susan,White,3359,GRANT PL,FUNNY RIVER,NL,False
78,927752,Joseph,Jones,2710,Auk Kwaan Ln,BEAR CREEK,YT,False
79,951358,Charles,Williams,2044,CHAPEL CIR,FRITZ CREEK,NS,False
80,887179,Richard,Moore,14,TORREY CT,DIAMOND RIDGE,NU,False
81,374011,Elizabeth,Williams,2678,W DAWSON DR,FOX RIVER,NS,False
82,248895,Mary,Thompson,2508,E MERIDIAN LOOP E,MOOSE PASS,YT,False
83,936753,Richard,Martin,3541,FROST ST,SELDOVIA VILLAGE,BC,False
84,265248,Mary,Lee,88,NAKOCHINA CIR,SOLDOTNA,NU,False
85,62664,Richard,Miller,543,S RIDGEVIEW CT,COOPER LANDING,PE,False
86,825840,David,Thomas,4311,N FRISBY CIR,Ketchikan,SK,False
87,150860,Barbara,Garcia,2532,CHURCHILL CT,PRIMROSE,NU,False
88,699551,Richard,Thomas,293,CARD ST,RIDGEWAY,ON,False
89,539205,Mary,Davis,2377,UMINSKI CIR,NANWALEK,QC,False
90,104978,Elizabeth,Taylor,1202,MC GILL WAY,STERLING,QC,False
91,714384,Daniel,Thompson,2162,MATTIE ST,KETCHIAKAN,YT,False
92,9406,Daniel,Miller,2477,MEGEVE RD,LOWELL POINT,PE,True
93,601342,Susan,Jackson,4095,S BEN HUR DR,KALIFORNSKY,NL,False
94,565037,David,Martin,772,E CABBAGE PATCH AVE,Ketchikan,AB,False
95,278360,Patricia,Taylor,3421,GOODNEWS CIR,PORT GRAHAM,SK,False
96,705253,Thomas,Johnson,1830,KAYLIN CIR,HALIBUT COVE,QC,False
97,34437,Maria,Johnson,4689,W WANDA K CIR,KASILOF,SK,False
98,448091,David,Davis,2206,N AIRFIELD ST,NINILCHIK,SK,False
99,321100,John,Moore,2807,VIRGIN CREEK RD,KETCHIKNA,NS,True
100,219916,Joseph,Rodriguez,3322,W HACKAMORE RD,LOWELL POINT,NT,False
101,144510,Linda,Martinez,2317,N PROPWASH RD,SELDOVIA,NU,False
102,258682,Richard,Moore,3716,PINE RIDGE CIR,FUNNY RIVER,PE,False
103,20172,Patricia,Davis,256,S BENDING BIRCH RD,RIDGEWAY,NL,False
104,358881,Elizabeth,Thompson,2589,Angus Way,KALIFORNSKY,PE,False
105,862084,Susan,Taylor,2587,N PICK-A-DILLEY ST,CLAM GULCH,NU,False
106,969150,Joseph,Jackson,252,OLD WOOD RD,NIKISKI,BC,False
107,247498,William,Thompson,210,WILLSON WAY,SALAMATOF,NB,False
108,707858,Michael,Williams,2485,RIDGE POINTE DR,ANCHOR POINT,BC,False
109,773835,Linda,Smith,257,CHIEF JOHN DR,SELDOVIA,AB,False
110,495434,Mark,Davis,2914,W LIGHTHOUSE DR,KETCHIKNA,QC,False
111,676929,Charles,Miller,4443,FISH LN,BEAR CREEK,NS,False
112,396310,Maria,Brown,3994,Duran St,KASILOF,NL,False
113,250426,Michael,Anderson,4241,W SUN DR,SUNRISE,NL,False
114,976626,Susan,Rodriguez,1704,HAREBELL AVE,PRIMROSE,NL,False
115,928663,Robert,Williams,824,E MELISSA ROSE CIR A,RIDGEWAY,SK,False
116,369024,Elizabeth,White,1088,CLARKSON AVE,SALAMATOF,NB,True
117,841563,Joseph,White,1852,SABEA CIR,KETCHIIKAN,YT,False
118,885324,Linda,Thomas,3927,DIECKGRAEFF RD,COOPER LANDING,SK,False
119,722025,James,Thompson,1337,BALLARD DR,HALIBUT COVE,NS,False
120,426255,Charles,Anderson,4517,CHANGEPOINT DR,KALIFORNSKY,YT,False
121,111332,William,Moore,3906,SALMONBERRY ST,SELDOVIA,SK,False
122,619488,Thomas,White,3340,Betty Ct,COOPER LANDING,SK,False
123,104420,Elizabeth,Jones,945,NATURE TRL,KIETCHIKAN,NL,False
124,972819,David,Smith,3214,RYDBERG ST,SALAMATOF,QC,False
125,502928,Patricia,Williams,1442,Tlingit  St,KETCHIAKAN,YT,False
126,725225,Michael,Smith,2397,CHICKALOON ST,KENAI,SK,True
127,44294,Robert,Thomas,218,N BRYWOOD CIR,CLAM GULCH,QC,False
128,466111,Linda,White,3960,MYPLACE ST,KASILOF,BC,False
129,88248,Daniel,Martin,973,COOLIDGE DR,FUNNY RIVER,SK,False
130,106084,Patricia,Garcia,1249,SOUTH AIRPARK PL,BEAR CREEK,YT,False
131,139811,William,Jones,1789,N SEAGULL DR,NANWALEK,NU,False
132,517806,Michael,Martin,3218,ELIES DR,KENAI,NU,False
133,3734,Jennifer,Wilson,4025,MARINE WORKS WAY,KASILOF,ON,False
134,557406,John,Thomas,1778,SAUNA AVE,NINILCHIK,SK,False
135,901880,Michael,Moore,3148,MUSGROVE CT,SUNRISE,PE,True
136,720931,Richard,Miller,2378,CEDARWOOD AVE,RIDGEWAY,MB,False
137,195108,John,Anderson,1479,BIRCH HILLS DR,REMOTE,NL,False
138,749398,Joseph,Smith,2841,W GALENA CT,NINILCHIK,MB,False
139,679191,Barbara,Thompson,1206,E KOKOPELLI CIR UNIT 18,HAPPY VALLEY,NU,False
140,499292,Patricia,White,4756,CLEAR SIGHT AVE,PORT GRAHAM,QC,False
141,851012,Joseph,Rodriguez,4039,SEAWATCH DR,HOMER,PE,False
142,178377,Susan,Brown,112,CHINIAK DRIVE,FOX RIVER,SK,False
143,651072,Maria,Miller,1422,N JULIE CIR,FRITZ CREEK,PE,False
144,301660,James,Jackson,3882,Woods St,KIETCHIKAN,QC,False
145,407502,Richard,Thompson,3585,GRAYLING ST,SELDOVIA VILLAGE,PE,False
146,200593,David,Moore,3447,E STAYTON AVE,KIETCHIKAN,QC,False
147,899515,Patricia,Martinez,4386,W DREAMY CIR,KALIFORNSKY,AB,False
148,927664,Maria,Thompson,4000,HENRY ST,NIKISKI,NL,False
149,520554,Charles,Wilson,2448,W STACY ST SP23,PORT GRAHAM,QC,False
150,378515,James,Davis,2010,HARMONICA DR,SEWARD,ON,False
151,816440,William,Johnson,365,S ARZA CIR,HAPPY VALLEY,ON,False
152,718766,James,Moore,3992,CLAIRBORNE DR,REMOTE,AB,False
153,681792,Richard,Thomas,297,PEACEFUL CIR,KASILOF,PE,False
154,376181,Mark,Thomas,3406,ROMANS WAY,SEWARD,SK,False
155,818747,Maria,Brown,3510,DEVIN DR,SELDOVIA,NS,False
156,654665,Charles,Wilson,3002,E BALD EAGLE CIR,PORT GRAHAM,NS,False
157,846431,Mary,Jackson,522,W POPPY LN,SELDOVIA VILLAGE,NL,False
158,194561,Thomas,Brown,2363,MARCUS ST,ANCHOR POINT,NU,False
159,900916,Michael,Johnson,4950,ARUNDEL ST,SOLDOTNA,NU,False
160,578212,Linda,Johnson,4332,W DROWSY DR,DIAMOND RIDGE,MB,False
161,827308,Thomas,Anderson,936,MOOSE TROT AVE,KETCHIKAN,NS,False
162,218533,Joseph,Brown,1893,GORDON RD,PRIMROSE,MB,False
163,489826,Elizabeth,Martinez,3128,W BIG DIPPER DR,KETCHIKAN,MB,False
164,746834,Charles,Miller,254,SALTY CIR,TYONEK,NU,False
165,185843,Barbara,Lee,2241,SUN SPOT CIR,BEAR CREEK,ON,False
166,416655,Jennifer,Garcia,2103,N SKWENTNA BAY,MOOSE PASS,PE,False
167,750759,Joseph,Williams,3903,S DUCK CIR,NIKISKI,ON,True
168,136954,James,Lee,4122,TUNDRA ROSE RD,COHOE,NL,False
169,833281,Richard,Moore,1424,S PENINSULA DR #101,FRITZ CREEK,ON,False
170,915283,William,Wilson,330,W MOLLIES CIR,TYONEK,ON,False
171,769667,James,White,1721,KNIFFEN RD,COOPER LANDING,NU,False
172,167731,Susan,Thomas,1430,S SHAMAN RD,KALIFORNSKY,BC,False
173,78689,Elizabeth,Miller,644,NORTHPOINTE BLUFF DR,HALIBUT COVE,NL,False
174,550266,David,Martin,2244,S GRAY BIRCH CIR,MOOSE PASS,PE,False
175,715072,Richard,Johnson,397,TOWNE CT,KIETCHIKAN,MB,False
176,44957,John,Wilson,893,S PANNER CIR,LOWELL POINT,BC,False
177,106794,Michael,Martinez,784,W SECLUDED MEADOWS LOOP,COOPER LANDING,QC,False
178,122040,Charles,Moore,500,WESTMORELAND AVE,PORT GRAHAM,PE,False
179,37050,Jennifer,Jones,787,S LURE CIR,KETCHIKNA,MB,False
180,404511,Charles,White,4002,E WOLF TRL,RIDGEWAY,BC,False
181,433170,Daniel,Jones,4122,STEWART ST,ANCHOR POINT,MB,False
182,513980,Linda,Anderson,1549,S SHAMROCK ST,KENAI,ON,False
183,189819,Charles,Johnson,499,COULTER AVE,SOLDOTNA,NL,False
184,634242,Mark,Taylor,298,E 23RD AVE,KACHEMAK,NT,False
185,505167,Richard,Miller,1133,RENE CT,KENAI,ON,False
186,273237,Patricia,Rodriguez,4594,S CENTER POINT DR,RIDGEWAY,PE,False
187,467734,Maria,Martinez,1811,HAGELBARGER AVE,KETCHIAKAN,AB,False
188,767164,Richard,Davis,344,SUNSET VIEW ST,RIDGEWAY,ON,False
189,514909,David,Davis,4115,NENANA ST,COOPER LANDING,PE,True
190,723217,Susan,Wilson,1740,W CHILKOOT WAY,BELUGA,SK,False
191,204079,Jennifer,Brown,1881,LONE WOLF CT,LOWELL POINT,QC,False
192,805387,Richard,Anderson,1143,KELLEY CT,FUNNY RIVER,NT,False
193,283440,Susan,Garcia,339,UNUK RIVER,DIAMOND RIDGE,NS,False
194,1373,James,White,32,IRONWOOD PL,BELUGA,AB,False
195,432512,Michael,Martin,171,W ISLAND LAKE DR,TYONEK,NU,True
196,226542,William,Johnson,2266,LEIF ST,KALIFORNSKY,NL,False
197,216286,Linda,Brown,54,AURORA LODGE RD,KETCHIIKAN,YT,False
198,810558,Michael,Lee,1241,EL PASO PL,SELDOVIA,MB,False
199,790055,Linda,Jackson,4754,GARY MARSHALL REM NW,NINILCHIK,NT,False
200,307787,Thomas,Williams,1895,LISA LN,PORT GRAHAM,QC,False
201,536913,Linda,White,4910,Highland Ave,KETCHIAKAN,NS,False
202,228484,Mark,Jones,67,NORMAN PL,Ketchikan,ON,False
203,660998,William,Williams,3551,W WONDERLAND DR,KETCHIAKAN,NU,False
204,80975,Mary,Jones,3816,ALDREN CIR,NIKOLAEVSK,YT,False
205,139054,Barbara,Taylor,4592,FOOTHILL DR,KACHEMAK,AB,False
206,881801,Thomas,White,4748,NINILCHIK DR,LOWELL POINT,NS,False
207,703803,Jennifer,Johnson,427,NEEDELS LOOP,KASILOF,BC,False
208,97212,John,Brown,3851,ARBOLES LN,ANCHOR POINT,AB,False
209,490903,Maria,Davis,271,W PONDEROSA LOOP,MOOSE PASS,PE,False
210,142114,Mark,Thompson,998,CAROLYN STREET,SELDOVIA VILLAGE,NS,False
211,60716,Susan,Jones,4063,KAK ISLAND ST,REMOTE,NB,True
212,984329,Susan,Thompson,2609,N RANDALL'S WAY,FRITZ CREEK,NL,False
213,454041,Thomas,Taylor,449,GRETCHEN ST,LOWELL POINT,ON,False
214,258444,Susan,Johnson,3857,S KOBUK ST,RIDGEWAY,NS,False
215,599933,Joseph,Moore,517,MONK CT,KASILOF,YT,False
216,742464,Charles,Moore,1038,Miner Dr,KENAI,NU,False
217,607368,Maria,Taylor,471,HANNAH'S CT,NIKISKI,AB,False
218,102993,Jennifer,Taylor,1380,BLANCHE AVE,NANWALEK,YT,False
219,52801,James,Moore,1144,EL RANCHO DR,CLAM GULCH,YT,False
220,512430,John,Taylor,1725,E WESTPOINT DR #306,FRITZ CREEK,MB,False
221,398386,Mary,Davis,13,E PYRITE CIR,KACHEMAK,NS,False
222,79786,Thomas,Brown,3469,N Douglas,Ketchikan,NB,False
223,116278,John,Williams,124,N NEW HOPE FARM RD,SELDOVIA,QC,False
224,878808,John,Lee,4909,BRIARWOOD WAY,KETCHIIKAN,NL,False
225,396778,Daniel,Moore,4332,CLARKSON DR,COHOE,ON,False
226,126907,Thomas,Wilson,1518,N FARM FIELD PL,KALIFORNSKY,QC,False
227,429979,Jennifer,Smith,165,Dimond Park Loop,SALAMATOF,NT,False
228,854755,Susan,Thompson,1388,STONEMAN LN,BEAR CREEK,SK,False
229,355276,Charles,Smith,3274,New Hart Rd,SEWARD,ON,False
230,768617,Jennifer,Moore,4351,EDGEWOOD DR,MOOSE PASS,ON,False
231,59025,Elizabeth,Jackson,3768,SALMONBERRY ST,REMOTE,NB,False
232,224160,James,Martinez,1680,WELDIN AVE,SELDOVIA,BC,False
233,341366,Charles,Jackson,1175,BUCEY AVE,KETCHIAKAN,ON,False
234,566266,Thomas,Davis,3083,TEDDY LN,SEWARD,BC,False
235,377831,Robert,Miller,710,E BIRCH HILL DR,HOPE,MB,False
236,712989,Mary,Jackson,233,N VAIL DR,Ketchikan,NL,False
237,493127,John,Martin,4932,TEMPLE CIR,BEAR CREEK,BC,False
238,799775,Linda,Martinez,3604,E BLUFF VISTA CIR,SEWARD,QC,False
239,733905,Linda,Miller,3916,DAMASK CIR,COHOE,PE,False
240,764333,Linda,Thompson,4646,CONGRESS CIR,SUNRISE,ON,False
241,607930,Barbara,Taylor,3622,CHEVIGNY ST,HALIBUT COVE,NU,False
242,598857,Joseph,Johnson,3135,BEARFOOT CIR,KETCHIKNA,NL,False
243,828564,Mark,Brown,817,N GINA DR,NINILCHIK,MB,False
244,419211,Michael,Smith,4568,DAWN ST,REMOTE,NL,False
245,922204,Maria,Jackson,1170,W BEVERLY HILLS CIR,NANWALEK,NU,False
246,61270,Mary,Smith,2181,DOG FISH AVE,HAPPY VALLEY,QC,False
247,175741,Daniel,White,4994,BLUEGRASS ST,PORT GRAHAM,QC,False
248,141076,David,Thomas,2479,HUNTER CIR,HALIBUT COVE,PE,False
249,899817,Thomas,Johnson,3883,JO AVE,STERLING,MB,False
250,15479,Joseph,Taylor,1857,S HIBBARD LN,LOWELL POINT,NU,False
251,968345,Patricia,Johnson,2580,S F ST,HALIBUT COVE,NT,False
252,427320,Robert,Martinez,381,N THICKET DR,FUNNY RIVER,NB,False
253,529080,David,White,2155,BERRYMAN LN,FRITZ CREEK,NL,False
254,911026,Jennifer,Anderson,2064,GRIFFIN RD,HOPE,MB,False
255,501192,Linda,Lee,3787,COVENANTS CIR,PRIMROSE,ON,False
256,363685,Maria,Brown,4038,REAM LN,SEWARD,QC,False
257,336799,Joseph,Rodriguez,4003,S SIMM'S RD,SALAMATOF,AB,False
258,376601,Jennifer,Moore,4693,S PENINSULA DR #205,HOMER,ON,False
259,692519,Thomas,Thomas,3887,S TREASURE COVE DR,NIKOLAEVSK,BC,False
260,833213,James,Moore,3407,N ESTY DR,NINILCHIK,AB,False
261,544631,Mark,Garcia,797,LOON CT,COHOE,PE,False
262,568183,Richard,Martin,3499,BEECHWOOD ST,Ketchikan,SK,False
263,378302,Jennifer,Williams,2910,W LUCKY CREEK DR,KIETCHIKAN,QC,False
264,422210,Joseph,Smith,3335,SWAN AVE,HOPE,ON,False
265,441220,Mark,Moore,1216,SATTLEY DR,DIAMOND RIDGE,ON,False
266,763970,Linda,Martin,3451,FREITAG CIR,KIETCHIKAN,PE,False
267,565463,Mary,White,3006,BLACKBERRY DR,DIAMOND RIDGE,NU,False
268,931311,Michael,Johnson,1555,S BARGE CIR,NANWALEK,BC,True
269,572295,Mark,Taylor,4962,ANCHOR CT,KETCHIKNA,QC,False
270,208591,Barbara,Jackson,2663,CHARLES WAY,SELDOVIA VILLAGE,MB,False
271,668119,Michael,Taylor,4899,HEMI ST,MOOSE PASS,NB,False
272,691077,Thomas,Johnson,3979,S FLEET ST,HAPPY VALLEY,BC,False
273,964855,Richard,Martin,1537,MISTY LN,SELDOVIA,BC,False
274,623410,Thomas,Thomas,3100,N KOBUK AVE,RIDGEWAY,NU,False
275,197141,Robert,Williams,222,E SOUTHSHORE DR,KETCHIAKAN,NS,False
276,111398,Patricia,Smith,2644,E OUR SPUR,PRIMROSE,NL,False
277,734566,Charles,Thomas,1964,N VINCELAND CIR,REMOTE,NB,False
278,528703,Richard,Martin,1786,S AUSTIN CIR,KETCHIKAN,NB,False
279,968742,Michael,Jackson,2553,OLD MULDOON RD,PORT GRAHAM,NB,False
280,501235,Michael,Jones,4248,HELM BAY; GRANITE CREEK,KALIFORNSKY,YT,False
281,107126,David,Anderson,2742,S A ST,BEAR CREEK,SK,True
282,584971,Michael,Thompson,1251,S AMHERST CT,Ketchikan,AB,False
283,249269,Michael,Williams,3091,NEWCOMB DR,NINILCHIK,YT,False
284,305326,John,Garcia,3493,SHELL AVE,KETCHIAKAN,PE,False
285,963803,Maria,Thompson,858,SAVAGE LN,KENAI,NT,False
286,760438,Mark,Thompson,3097,KOMSOMOL ST,STERLING,BC,False
287,796717,Patricia,Williams,2515,SUNVIEW DR,KASILOF,BC,False
288,967732,William,Smith,2253,VALLEY DR,RIDGEWAY,MB,False
289,783540,Michael,Miller,2243,W STACY ST SP31,SUNRISE,NL,False
290,208775,James,Rodriguez,1489,BECK RD,HOPE,NL,False
291,1670,John,Miller,1829,E MAKUSKIN RD,KALIFORNSKY,MB,False
292,18982,Patricia,Williams,2220,GLOVER ST,KETCHIKNA,BC,False
293,253797,Mark,Jones,2665,E COUNTRY RIDGE DR,CROWN POINT,PE,False
294,866715,Jennifer,Thompson,3242,NITA ST,KETCHIAKAN,ON,False
295,151691,Thomas,Smith,2137,ALEXANDROVSKY ST,SELDOVIA,ON,True
296,211076,Robert,Williams,4254,CARLTON DR,FOX RIVER,NT,False
297,690894,Maria,Davis,4541,OLIA CT,SEWARD,AB,False
298,326720,James,Smith,4387,FOX DEN DR,KACHEMAK,NT,False
299,31994,David,Brown,1433,COTTONWOOD CIRCLE,SOLDOTNA,AB,False
300,585545,Mary,Thomas,4139,MISS VANESSA CT,FUNNY RIVER,ON,True
301,949587,Robert,Williams,3266,W 123RD AVE,LOWELL POINT,MB,False
302,883646,Jennifer,Jackson,1551,W DENNIS DR,KENAI,NU,False
303,110749,William,Jones,4452,REAM LN,COOPER LANDING,ON,False
304,336717,James,Moore,3206,STRATTON CIR,KENAI,NS,False
305,625762,Mary,Taylor,3586,RAINBOW AVE,SELDOVIA,ON,False
306,339514,Jennifer,Davis,4555,WILDWATER CIR,LOWELL POINT,SK,False
307,47497,Michael,Jackson,2387,LOUIS PL,COOPER LANDING,NU,False
308,117573,Barbara,Thompson,4307,JACKSON LANE,FUNNY RIVER,AB,False
309,999621,Daniel,Miller,673,GRANITE PL,FUNNY RIVER,NB,False
310,258181,Patricia,Brown,1629,S BLACK BEAR CUB CIR,CLAM GULCH,ON,False
311,127935,Richard,Lee,2296,CATTLE DR,KASILOF,SK,False
312,930670,Mark,Garcia,3918,W HUSH CIR,LOWELL POINT,NL,False
313,94446,Charles,Moore,4168,E LEILA LN,REMOTE,YT,False
314,211868,Elizabeth,Thompson,3536,MISTY MEADOWS DR,SALAMATOF,NL,False
315,649202,Charles,Brown,4197,Anway Rd,SEWARD,NL,False
316,71661,Mark,Davis,4798,SHADY DR,KALIFORNSKY,NU,False
317,121113,Mary,Johnson,3857,PINE CIR,FRITZ CREEK,PE,False
318,781962,Susan,Smith,4310,CRAIG CREEK CIR,KETCHIKAN,NB,False
319,257562,Patricia,Garcia,4001,WARREN AVE,KETCHIKAN,AB,False
320,764904,Thomas,Brown,2182,CADILLAC CT,NIKOLAEVSK,NL,False
321,493579,Mark,White,810,W LAKEWAY LOOP,FOX RIVER,NT,False
322,685506,Barbara,Wilson,1742,S LADUC PL,BELUGA,MB,False
323,633303,Charles,Rodriguez,4490,CORK LINE DR,COHOE,SK,True
324,890869,David,Garcia,793,OLD NENANA HWY,SOLDOTNA,NL,False
325,205368,Susan,Anderson,2500,WINCHESTER ST,HAPPY VALLEY,NU,False
326,450267,David,Taylor,3797,WILSON CT,KETCHIAKAN,ON,False
327,4011,Elizabeth,White,1518,RASPBERRY ST,Ketchikan,NT,False
328,870848,Joseph,Johnson,4897,UMIAK AVE,NIKOLAEVSK,SK,False
329,27149,Mark,Taylor,115,TONGASS LN,KIETCHIKAN,NT,False
330,848468,Maria,Johnson,3593,NOATAK WAY,BEAR CREEK,SK,False
331,313349,Elizabeth,Johnson,3693,CANDLE LITE LOOP,BELUGA,NT,False
332,66204,Maria,Taylor,2978,Teslin St,NIKOLAEVSK,MB,True
333,839790,Linda,Smith,2882,S ELK RACK CIR,KENAI,NU,False
334,562915,James,Wilson,857,W STACY ST SP 3,KENAI,SK,False
335,511101,Jennifer,Lee,2690,HELM DR,LOWELL POINT,NS,False
336,775754,Linda,White,4444,RUNNING BROOK CIR,HALIBUT COVE,YT,False
337,714475,Jennifer,Miller,2406,WHITE CLIFF AVE,HALIBUT COVE,NL,False
338,985862,Barbara,Anderson,3634,W PLATT RD,KETCHIAKAN,NB,False
339,290993,Mark,Davis,3685,E 12TH AVE,KETCHIIKAN,AB,False
340,379098,Charles,Williams,4704,YUNA KIM WAY,SOLDOTNA,PE,False
341,770105,Daniel,Anderson,880,NITA ST,BEAR CREEK,YT,False
342,432460,Linda,Anderson,2311,ENTERPRISE AVE,FRITZ CREEK,AB,False
343,805631,Robert,Jackson,993,DUCKWOOD CT,HOPE,NL,False
344,371785,Charles,Thompson,3537,BETTY ST,KETCHIIKAN,BC,False
345,156197,Barbara,Rodriguez,4443,HOLLOWELL RD,CLAM GULCH,AB,False
346,775532,Mark,Wilson,3965,ISLAND VIEW CT,KENAI,QC,False
347,108284,David,Miller,1671,W OSCAR ANDERSON LOOP,PORT GRAHAM,NL,False
348,568255,Patricia,Anderson,742,N ST HERMAN ST,HAPPY VALLEY,ON,False
349,645872,David,Moore,3755,DANNY DR,TYONEK,NB,False
350,26839,Richard,Davis,3756,N REX ST,PORT GRAHAM,NB,False
351,924042,Barbara,Garcia,2884,BOWEN CIR,KALIFORNSKY,MB,False
352,475948,Elizabeth,Moore,337,W MICHELLE DR,FUNNY RIVER,ON,True
353,700228,Linda,Smith,912,JIM HOWARD RD,ANCHOR POINT,PE,False
354,304123,Mary,Johnson,4465,N MAIN ST,FRITZ CREEK,PE,True
355,559113,Thomas,Lee,2282,GEORGE INLET; WHITE  RIVER AREA,PORT GRAHAM,AB,False
356,441999,Charles,Martin,752,DARRELL DR,KALIFORNSKY,ON,False
357,808676,Richard,Brown,1695,BLUEBERRY ST,ANCHOR POINT,BC,False
358,160616,Mark,Thomas,4449,N MOOSE ST,KIETCHIKAN,PE,False
359,735172,John,Thompson,2091,Admiral Way,KENAI,BC,False
360,878740,Charles,White,1806,INTERLAKE DR,SOLDOTNA,SK,False
361,707026,Susan,Rodriguez,4548,GRANITE PL,KALIFORNSKY,BC,False
362,283174,William,Brown,3848,SILVAS DR,NINILCHIK,AB,False
363,819024,Michael,Wilson,3312,W BLUE GOOSE RD,DIAMOND RIDGE,SK,False
364,132405,Barbara,Thomas,4366,JEFFERSON DR,CLAM GULCH,SK,False
365,899798,William,Jackson,2755,W BRADSONG ST,HALIBUT COVE,YT,False
366,694188,Mary,Thomas,1922,W PURCHES CREEK RD,DIAMOND RIDGE,SK,True
367,348251,James,Garcia,1949,N Front St,BELUGA,BC,False
368,595765,David,Rodriguez,4787,DOSER RD,RIDGEWAY,MB,False
369,970720,Mark,Brown,4009,AUGUSTINE WAY,CROWN POINT,QC,False
370,347338,Daniel,Jones,2602,CANDLE CT,HOPE,PE,False
371,144325,Patricia,Davis,2816,LUCY CT,SUNRISE,PE,False
372,645946,Maria,Anderson,868,MARK BLVD,TYONEK,QC,False
373,662639,William,Johnson,746,W BOGBERRY CIR,MOOSE PASS,NT,False
374,873013,Linda,Brown,1238,TOLOFF ST,SUNRISE,MB,False
375,764663,Mark,Wilson,4711,LEE LN,PRIMROSE,PE,True
376,876968,David,Anderson,1858,S ERIN'S CT,KETCHIIKAN,QC,False
377,349802,William,Jackson,1739,E 58TH CT,RIDGEWAY,NT,False
378,907393,Mary,Garcia,1907,PARKINSON CIR,BELUGA,NT,False
379,132480,Charles,Jones,4294,E WESTPOINT DR #211,REMOTE,MB,False
380,331876,Susan,Lee,391,MARTHA CIR,FUNNY RIVER,QC,False
381,801016,David,Martin,1534,HAMPSTEAD AVE,PRIMROSE,NT,False
382,991646,William,Martin,4227,SHARKY AVE,NIKOLAEVSK,NB,False
383,215558,Linda,Davis,2741,GOLDEN BERRY AVE,PORT GRAHAM,PE,False
384,803002,John,Garcia,3704,MILLER POINT ROAD,FUNNY RIVER,BC,True
385,699602,Jennifer,Smith,697,W ARCTIC AVE,CROWN POINT,NS,False
386,137040,Robert,Thomas,2168,POPPY RIDGE RD,FUNNY RIVER,AB,False
387,752324,John,Johnson,4423,D St,KENAI,NL,False
388,169186,Thomas,Miller,2281,SEAFORTH PL,COHOE,BC,False
389,629054,James,Wilson,3353,SPINDRIFT LOOP,DIAMOND RIDGE,NU,False
390,431757,Charles,Davis,871,GRAM CIR,MOOSE PASS,PE,False
391,185293,Charles,Brown,1887,CREEK WAY,FRITZ CREEK,ON,False
392,659169,James,Davis,1814,W VAN GORDER DR,NINILCHIK,ON,False
393,542949,Jennifer,Garcia,3733,No Site Address Information,FUNNY RIVER,BC,False
394,413334,William,White,3280,WATERFORD RD,PRIMROSE,NS,False
395,773493,Patricia,Smith,4500,MCGONNELL WAY,NINILCHIK,ON,False
396,144055,Jennifer,Moore,2901,CONSTELLATION AVE,CLAM GULCH,NT,False
397,403407,John,Anderson,2820,SPOTTED SEAL LN,NIKOLAEVSK,NS,False
398,37043,Jennifer,Miller,196,MC LURE CIR,HOPE,SK,False
399,19565,Linda,Miller,4045,TIMBERVIEW DR,SELDOVIA VILLAGE,PE,False
400,538267,David,Garcia,4427,N BEAR DEN CIR,PRIMROSE,NS,False
401,532068,Charles,Garcia,1203,E 12TH CT,HOMER,QC,False
402,413520,Linda,Williams,1450,LARCH AVE,FUNNY RIVER,NL,False
403,624029,William,Lee,3688,DA NIECE ST,RIDGEWAY,NS,False
404,190175,Patricia,Davis,1484,BEAUMONT CIR,KETCHIKAN,QC,False
405,981158,Joseph,Rodriguez,77,RASPBERRY ST,HALIBUT COVE,ON,False
406,267345,Jennifer,Martinez,259,E CREEKSIDE DR SPC 1,ANCHOR POINT,BC,False
407,470025,Robert,Martinez,941,FRIAR'S WAY,DIAMOND RIDGE,NB,False
408,62453,Maria,Thomas,1834,KITTIWAKE STREET,LOWELL POINT,NS,False
409,955683,Jennifer,Martin,3062,RAVEN VIEW CT,RIDGEWAY,ON,False
410,131543,David,Anderson,3075,N REL ST,STERLING,PE,True
411,789611,Jennifer,Jackson,1853,EAST MONASHKA BAY ROAD,FOX RIVER,YT,False
412,143423,Susan,Martinez,4005,LESLIE PL,DIAMOND RIDGE,NU,False
413,668278,Michael,Jones,4002,N MAID MARIAN DR,COOPER LANDING,NS,False
414,365876,Joseph,Thomas,2076,BORDON ST,MOOSE PASS,NT,False
415,699311,Barbara,Miller,3464,POINT SUSAN RD,HOPE,NS,False
416,725733,Jennifer,Thomas,326,S NELLIE DR,PORT GRAHAM,ON,False
417,786746,Joseph,Davis,2787,KNIFFEN RD,PRIMROSE,MB,False
418,437450,Daniel,Smith,4096,MOOSE RD,BELUGA,NT,False
419,765975,Daniel,Jackson,2216,S SUNSHINE ST,KETCHIKNA,ON,False
420,675788,Mary,Garcia,3635,W PALACE DR,FOX RIVER,NT,False
421,337241,Jennifer,Jackson,2281,MARLOWE AVE,MOOSE PASS,MB,False
422,333818,Maria,Wilson,2595,WESTGATE PL,SOLDOTNA,ON,False
423,403482,Susan,Williams,2512,E SNOW GOOSE CIR,SUNRISE,QC,False
424,813998,David,Martinez,3149,SHELTERING SPRUCE AVE,COHOE,YT,False
425,193994,Barbara,Taylor,1364,S TURNER DR,NIKOLAEVSK,QC,False
426,820883,Patricia,Jackson,1230,WILEY POST LOOP,PORT GRAHAM,NL,False
427,948679,Susan,Jackson,407,SENATE LOOP,KACHEMAK,MB,False
428,333302,John,Anderson,1700,W STACY ST SP 4,STERLING,QC,False
429,718383,William,Taylor,1633,N ASHWOOD CT,NINILCHIK,NB,False
430,397597,William,Smith,205,N SEMINOLE CIR,NIKOLAEVSK,NB,False
431,969240,James,Rodriguez,1079,TRUMPETER AVE,FOX RIVER,MB,True
432,478792,Maria,Jackson,4914,CAROUSEL CIR,NINILCHIK,NB,True
433,437347,Thomas,Miller,4240,LOVEJOY DR,FOX RIVER,QC,False
434,954070,Mary,Taylor,311,FISHER CT,NINILCHIK,MB,False
435,800572,Robert,Williams,1545,E KOENEN RD,BEAR CREEK,NB,False
436,935711,Mark,Jackson,2096,S CASKILL CIR,KETCHIKAN,AB,False
437,457488,Maria,Taylor,2202,HAIDA DR,NIKISKI,NB,False
438,882957,Robert,Garcia,3894,E WESTPOINT DR #209,CROWN POINT,AB,False
439,841799,Jennifer,Williams,977,W MYSTERY AVE,TYONEK,BC,False
440,448394,William,Garcia,37,N HOKA HAY CIR,RIDGEWAY,PE,False
441,51432,Maria,White,3786,E TWO BLOCK RD,FOX RIVER,BC,False
442,23932,Mary,White,2412,KUNKEL LN,KETCHIKNA,QC,False
443,91900,Patricia,Taylor,2533,E KINZI CIR,HAPPY VALLEY,SK,False
444,608397,Patricia,Anderson,4652,AKULA DR,SELDOVIA,PE,False
445,843099,Elizabeth,Lee,1999,N BONANZA ST,KETCHIIKAN,SK,False
446,12905,Michael,Garcia,1232,ALICE LOOP,RIDGEWAY,MB,False
447,305335,Maria,Jones,3821,S KATHILYN RD,DIAMOND RIDGE,AB,False
448,539706,Michael,Wilson,1586,AHLRICH AVE,NIKISKI,NL,False
449,253304,Robert,Jackson,3992,WRIDGE WAY,KALIFORNSKY,YT,False
450,497611,Susan,Williams,2297,WOODY ST,SEWARD,PE,False
451,547524,Thomas,Lee,138,SOLID ROCK RD,Ketchikan,NT,False
452,248631,Thomas,Garcia,3606,W BRUCE WAY,SUNRISE,BC,False
453,46541,Patricia,Johnson,3370,S ISLAND ST,ANCHOR POINT,SK,False
454,124904,David,Garcia,4616,E ODSATHER CIR #7A,FUNNY RIVER,QC,False
455,604984,Richard,Taylor,3331,CONTINENTAL WAY,COHOE,MB,False
456,947956,Thomas,Jackson,4101,S WENDY CT,KETCHIAKAN,NS,True
457,585715,John,Williams,528,CONNIE LN,KASILOF,NT,False
458,243411,William,Anderson,2359,Lake Shore Dr,NIKOLAEVSK,NS,False
459,168894,Jennifer,Smith,2446,CREEKSIDE ST,SOLDOTNA,MB,False
460,994301,David,Anderson,3177,SALMON LANDING,Ketchikan,NB,False
461,347667,Barbara,Garcia,2803,NORMA AVE,LOWELL POINT,SK,False
462,594944,Linda,Johnson,4988,W REECEE C CIR,ANCHOR POINT,ON,False
463,416828,William,White,2511,Pederson St,RIDGEWAY,YT,False
464,165180,Daniel,Davis,954,BURLWOOD DR,KALIFORNSKY,NB,False
465,873448,Charles,Jackson,808,RORATH ST,FUNNY RIVER,SK,False
466,121771,Elizabeth,Wilson,4638,GLACIER FLOWER DR,HAPPY VALLEY,PE,False
467,327620,James,Taylor,416,S CHANDALAR DR,NANWALEK,BC,False
468,617022,Jennifer,White,4755,LOWER SUNNY CIR,Ketchikan,MB,False
469,342825,Linda,Lee,3267,WOLVERINE AVE,FUNNY RIVER,SK,False
470,5586,James,Brown,2482,BROWN DR,KETCHIAKAN,MB,False
471,591507,John,Martin,4495,S WALDO FOX CIR,MOOSE PASS,AB,False
472,734282,Daniel,Brown,1993,W INDIGO CIR,SELDOVIA,NU,False
473,260762,Patricia,Martinez,939,SWEETHEART CIR,NIKISKI,AB,False
474,288608,Jennifer,Davis,4497,CAMOMILE LN,HAPPY VALLEY,AB,False
475,916164,Susan,Wilson,559,E 18TH CIR,KIETCHIKAN,SK,False
476,177822,Robert,Garcia,962,FERNIE LOOP,BEAR CREEK,BC,False
477,565623,Jennifer,Taylor,3112,ERCEG ST,RIDGEWAY,SK,False
478,580368,Barbara,Johnson,1195,TWENTY-SECOND AVE,KACHEMAK,NL,False
479,953220,John,Smith,3649,WISPEN AVE,CROWN POINT,QC,False
480,5199,Robert,Anderson,2918,E SPRUCE AVE,BEAR CREEK,MB,False
481,908931,Linda,Taylor,4031,TAMMY ST,REMOTE,AB,False
482,88945,Joseph,Moore,958,CHINA BERRY CIR,PRIMROSE,BC,False
483,254016,David,Taylor,4644,RUNNERS AVE,DIAMOND RIDGE,QC,False
484,221291,Patricia,Jackson,1569,PURPLE IRIS WAY,Ketchikan,MB,False
485,412890,Robert,Wilson,4866,TARAWA ST,KETCHIKAN,NT,False
486,963026,Barbara,Brown,4985,JEAN'S WAY,SUNRISE,AB,False
487,47742,Daniel,Martinez,3429,N MONTAGUE LOOP,DIAMOND RIDGE,NS,False
488,599553,Charles,Rodriguez,3135,RASPBERRY (BEGINNING OF) LN,SOLDOTNA,PE,False
489,660824,Joseph,Anderson,4495,REBECCA ST,COOPER LANDING,YT,False
490,644817,Charles,Brown,81,BURGESS AVE E,DIAMOND RIDGE,NB,False
491,780217,Maria,Davis,635,LAND MARINE DR,PORT GRAHAM,QC,False
492,422446,Thomas,Johnson,3751,RED RIDGE RD,TYONEK,NL,False
493,531217,Joseph,Anderson,3681,Monti Bay Loop Rd,LOWELL POINT,ON,False
494,89769,James,Thompson,3350,RIDGECREST DR,NANWALEK,ON,False
495,215607,Michael,Wilson,4576,Sixth St,FRITZ CREEK,NL,False
496,765886,Michael,Jackson,4691,KLONDIKE ST,CROWN POINT,BC,False
497,643711,Linda,Martin,4405,E BEGICH CIR,COOPER LANDING,SK,False
498,27272,Barbara,Smith,1401,FALKE CT,KIETCHIKAN,AB,False
499,656100,Patricia,Martinez,3292,WELCOME WIND ST,KETCHIKAN,MB,False
