,PaymentId,Type,Status
0,796275,debit,completed
1,481471,debit,completed
2,906319,cash,completed
3,375777,debit,pending
4,477017,credit,completed
5,56109,credit,completed
6,766481,cash,pending
7,835360,credit,pending
8,819970,cash,completed
9,787707,credit,pending
10,558857,credit,pending
11,234873,cash,completed
12,569867,debit,approved
13,804211,credit,pending
14,736137,debit,completed
15,462265,credit,approved
16,174134,credit,approved
17,674590,cash,approved
18,492764,credit,completed
19,212357,debit,approved
20,708826,credit,completed
21,146268,cash,pending
22,26893,cash,completed
23,630643,debit,completed
24,634719,credit,completed
25,233139,debit,completed
26,901298,cash,approved
27,608035,debit,pending
28,248575,debit,completed
29,855372,cash,completed
30,448419,debit,completed
31,57452,cash,pending
32,988374,cash,completed
33,282538,debit,pending
34,309052,debit,pending
35,943459,credit,approved
36,135761,cash,pending
37,687296,cash,completed
38,431437,credit,completed
39,281500,cash,completed
40,815698,credit,approved
41,106056,debit,pending
42,944869,debit,pending
43,432783,debit,pending
44,650418,cash,approved
45,339480,cash,approved
46,725036,debit,pending
47,920670,cash,pending
48,710917,debit,approved
49,177140,debit,completed
50,484130,debit,completed
51,234312,credit,pending
52,903651,debit,pending
53,59883,cash,approved
54,469736,credit,approved
55,591402,cash,completed
56,408177,credit,pending
57,848805,cash,approved
58,404974,debit,pending
59,610390,cash,completed
60,70217,credit,completed
61,112119,cash,completed
62,56398,debit,pending
63,136694,credit,completed
64,93859,credit,completed
65,283231,credit,approved
66,656958,credit,approved
67,368366,credit,approved
68,919708,credit,completed
69,149333,cash,completed
70,151632,credit,pending
71,659616,credit,approved
72,882529,credit,pending
73,118477,debit,approved
74,601055,cash,completed
75,286836,cash,approved
76,247401,credit,pending
77,447714,cash,pending
78,560610,debit,pending
79,388848,cash,completed
80,389881,cash,approved
81,811370,cash,completed
82,239443,debit,pending
83,920276,cash,approved
84,768835,cash,pending
85,741107,credit,approved
86,501257,credit,completed
87,804264,cash,pending
88,775805,debit,pending
89,602017,credit,pending
90,416182,cash,approved
91,305120,cash,pending
92,636602,debit,approved
93,801049,cash,pending
94,696355,credit,pending
95,415915,debit,completed
96,342423,debit,approved
97,500311,cash,pending
98,396941,credit,completed
99,169557,cash,approved
100,689042,debit,completed
101,291866,cash,approved
102,505558,credit,completed
103,66274,credit,completed
104,574298,credit,approved
105,284248,cash,pending
106,678801,credit,approved
107,813334,cash,approved
108,233445,credit,completed
109,172821,debit,pending
110,831566,debit,pending
111,468676,cash,pending
112,996278,credit,pending
113,80687,cash,approved
114,132876,debit,pending
115,370798,credit,approved
116,270520,credit,approved
117,597736,credit,approved
118,811202,cash,pending
119,298071,credit,completed
120,20026,debit,completed
121,774028,cash,pending
122,696680,cash,approved
123,680669,cash,pending
124,28183,cash,approved
125,979170,debit,pending
126,822216,debit,completed
127,751656,cash,approved
128,709488,cash,pending
129,480777,cash,pending
130,851480,credit,completed
131,224418,credit,completed
132,148393,debit,pending
133,667257,debit,approved
134,362062,credit,approved
135,346782,debit,completed
136,804898,credit,completed
137,625930,cash,completed
138,404693,credit,pending
139,969495,cash,pending
140,407031,cash,pending
141,794193,credit,completed
142,259570,credit,approved
143,553692,cash,approved
144,798576,debit,completed
145,931292,credit,pending
146,546386,debit,completed
147,671713,credit,completed
148,30104,debit,pending
149,296517,credit,pending
150,747326,credit,pending
151,9616,cash,approved
152,127336,credit,approved
153,451250,debit,completed
154,221186,cash,pending
155,175667,credit,pending
156,453468,debit,approved
157,230054,debit,pending
158,481249,cash,pending
159,861689,debit,pending
160,268894,debit,pending
161,391683,cash,pending
162,504475,debit,approved
163,734395,debit,pending
164,34412,debit,completed
165,616323,cash,completed
166,739388,cash,pending
167,558817,credit,completed
168,498861,debit,completed
169,950785,cash,completed
170,909337,debit,completed
171,506456,debit,pending
172,194889,cash,completed
173,513715,cash,pending
174,100479,cash,pending
175,982707,debit,approved
176,999241,debit,completed
177,29557,cash,pending
178,260124,cash,pending
179,512180,credit,pending
180,406413,credit,pending
181,40388,debit,completed
182,642126,debit,completed
183,325595,debit,pending
184,461895,cash,pending
185,698320,debit,approved
186,514017,debit,completed
187,461455,debit,completed
188,311652,credit,pending
189,461201,credit,completed
190,437137,debit,approved
191,345159,cash,pending
192,21013,debit,approved
193,380812,cash,pending
194,390520,cash,completed
195,209227,debit,completed
196,713578,cash,approved
197,278432,debit,pending
198,454747,cash,pending
199,89337,debit,pending
200,338083,credit,approved
201,21344,debit,approved
202,886877,cash,approved
203,225826,debit,approved
204,374674,debit,completed
205,817729,debit,approved
206,949147,cash,completed
207,378773,credit,pending
208,848181,credit,approved
209,236064,cash,pending
210,448000,credit,approved
211,698085,debit,approved
212,556117,debit,pending
213,545679,cash,approved
214,247312,debit,completed
215,289043,debit,completed
216,987902,credit,pending
217,142671,cash,completed
218,993936,debit,pending
219,138423,debit,approved
220,154160,cash,pending
221,482901,debit,completed
222,821474,cash,pending
223,19908,debit,completed
224,591326,debit,approved
225,564093,debit,pending
226,586843,cash,approved
227,931291,debit,completed
228,47586,credit,completed
229,259793,cash,approved
230,818014,debit,completed
231,644011,cash,completed
232,743765,debit,pending
233,482205,credit,completed
234,329575,cash,approved
235,637246,debit,completed
236,820722,cash,completed
237,494549,cash,pending
238,405031,debit,pending
239,626806,credit,approved
240,299804,debit,approved
241,628884,cash,pending
242,166850,debit,completed
243,897966,cash,approved
244,898813,credit,completed
245,745170,credit,completed
246,49581,cash,completed
247,953450,credit,approved
248,887857,credit,completed
249,868757,debit,approved
250,766968,credit,pending
251,425233,cash,pending
252,319450,debit,approved
253,908735,credit,approved
254,542746,debit,approved
255,776172,cash,approved
256,273272,cash,pending
257,19880,debit,approved
258,497403,cash,completed
259,189203,credit,pending
260,466797,cash,approved
261,627711,cash,approved
262,484829,credit,completed
263,348529,cash,pending
264,142020,debit,pending
265,942716,debit,completed
266,983737,cash,pending
267,987689,debit,approved
268,651374,cash,pending
269,36602,credit,completed
270,509229,cash,completed
271,384111,debit,approved
272,342948,cash,pending
273,696874,debit,pending
274,418291,debit,pending
275,612257,cash,approved
276,658392,cash,approved
277,249964,debit,completed
278,199420,cash,completed
279,629026,cash,pending
280,988694,cash,approved
281,926626,credit,approved
282,227266,credit,approved
283,71110,credit,approved
284,144990,cash,approved
285,284109,debit,pending
286,481908,credit,approved
287,888787,credit,approved
288,750728,cash,pending
289,643471,credit,completed
290,386090,debit,approved
291,983875,debit,pending
292,649852,cash,completed
293,279283,credit,completed
294,834092,cash,pending
295,876235,debit,completed
296,404875,debit,pending
297,945763,credit,approved
298,527691,credit,pending
299,427295,cash,completed
300,207889,credit,completed
301,797004,credit,pending
302,458342,credit,completed
303,631790,cash,completed
304,516049,credit,approved
305,416933,debit,approved
306,183060,debit,completed
307,365811,cash,completed
308,626411,debit,completed
309,362660,cash,completed
310,629309,debit,completed
311,535090,credit,pending
312,621479,debit,approved
313,233910,debit,completed
314,666258,cash,approved
315,497133,cash,pending
316,550648,credit,approved
317,484470,credit,completed
318,124487,cash,completed
319,294974,debit,completed
320,992240,debit,completed
321,552553,credit,completed
322,315979,debit,completed
323,635481,credit,approved
324,697487,debit,completed
325,235836,cash,pending
326,128057,cash,completed
327,402774,cash,completed
328,633891,credit,completed
329,929324,debit,completed
330,964053,credit,approved
331,619378,debit,completed
332,422119,credit,pending
333,519703,debit,approved
334,845575,credit,completed
335,564050,debit,pending
336,630675,cash,pending
337,179461,credit,pending
338,961044,credit,pending
339,17353,debit,pending
340,848349,debit,approved
341,797106,debit,pending
342,962844,credit,pending
343,878844,cash,approved
344,99589,debit,completed
345,339731,credit,approved
346,862063,credit,completed
347,576726,debit,completed
348,745680,debit,approved
349,419395,debit,approved
350,606904,credit,pending
351,138775,debit,completed
352,724931,debit,completed
353,628783,cash,approved
354,582186,credit,pending
355,158015,cash,completed
356,171544,credit,pending
357,529110,debit,pending
358,614857,cash,pending
359,960526,debit,pending
360,102850,credit,completed
361,616181,cash,pending
362,547954,debit,completed
363,181783,debit,pending
364,361810,credit,approved
365,375219,cash,completed
366,527344,credit,pending
367,774260,credit,pending
368,380151,debit,approved
369,814677,cash,completed
370,830593,credit,completed
371,894987,debit,pending
372,168587,debit,pending
373,546899,credit,approved
374,547548,debit,approved
375,518875,debit,pending
376,208429,cash,approved
377,134164,cash,pending
378,645167,credit,pending
379,665400,cash,approved
380,912361,credit,approved
381,664135,credit,completed
382,280827,credit,approved
383,996518,cash,approved
384,579807,debit,pending
385,264660,credit,approved
386,565074,cash,pending
387,333268,credit,approved
388,772841,debit,completed
389,179981,debit,approved
390,945331,debit,pending
391,281477,debit,completed
392,442221,cash,pending
393,645043,cash,approved
394,27542,credit,approved
395,142758,cash,approved
396,930094,credit,pending
397,882458,cash,pending
398,887830,cash,approved
399,81337,cash,pending
400,744368,credit,approved
401,371590,debit,completed
402,56857,cash,completed
403,231991,debit,completed
404,357775,debit,completed
405,562482,cash,approved
406,273824,cash,approved
407,81135,credit,completed
408,23273,cash,approved
409,929747,credit,approved
410,274137,credit,pending
411,264204,debit,approved
412,776221,debit,approved
413,720758,cash,completed
414,253716,debit,approved
415,125190,cash,completed
416,18252,cash,completed
417,691978,credit,pending
418,692443,cash,pending
419,579835,credit,approved
420,5071,credit,approved
421,943344,credit,pending
422,629438,cash,completed
423,579703,debit,approved
424,369175,credit,pending
425,574728,cash,completed
426,956504,credit,completed
427,57145,credit,completed
428,969628,credit,completed
429,892094,credit,approved
430,417475,cash,pending
431,833768,cash,approved
432,130740,credit,completed
433,868397,debit,completed
434,167982,cash,pending
435,183978,credit,completed
436,732542,credit,completed
437,194185,debit,pending
438,158292,credit,completed
439,645518,cash,pending
440,754736,debit,pending
441,50560,debit,approved
442,746327,cash,pending
443,22225,debit,pending
444,944224,debit,approved
445,783250,credit,completed
446,593026,cash,pending
447,731418,debit,completed
448,719388,debit,pending
449,592671,debit,completed
450,580252,cash,completed
451,379571,cash,approved
452,231406,credit,pending
453,330259,credit,pending
454,520099,credit,completed
455,257752,credit,approved
456,778140,credit,pending
457,572034,cash,completed
458,178850,cash,pending
459,866675,debit,pending
460,453422,debit,completed
461,980696,debit,completed
462,707489,debit,pending
463,672197,cash,pending
464,359620,credit,approved
465,215555,credit,pending
466,314589,debit,pending
467,403559,cash,pending
468,266879,credit,completed
469,763123,credit,pending
470,625313,debit,approved
471,616092,cash,pending
472,838537,debit,pending
473,857798,debit,pending
474,807529,cash,completed
475,5513,debit,approved
476,764709,cash,completed
477,493503,debit,approved
478,826281,cash,pending
479,32847,debit,approved
480,736066,debit,pending
481,458841,debit,pending
482,692306,credit,approved
483,959295,debit,approved
484,258141,debit,completed
485,645551,cash,pending
486,186097,credit,completed
487,584378,credit,completed
488,532846,cash,approved
489,107373,cash,completed
490,442152,cash,completed
491,101516,cash,pending
492,114983,cash,approved
493,909741,cash,approved
494,419813,credit,pending
495,137608,credit,pending
496,644870,cash,approved
497,955617,cash,completed
498,202798,credit,pending
499,244773,credit,pending
500,692999,credit,pending
501,617809,credit,pending
502,96598,credit,completed
503,829406,cash,pending
504,96755,debit,approved
505,50731,cash,approved
506,571511,credit,pending
507,683798,credit,approved
508,210982,credit,completed
509,654461,credit,completed
510,880220,debit,completed
511,630538,cash,approved
512,984039,debit,completed
513,601445,credit,completed
514,922485,credit,completed
515,997288,credit,pending
516,288201,cash,approved
517,965282,credit,pending
518,23663,credit,pending
519,69291,credit,completed
520,768144,cash,pending
521,701245,credit,pending
522,148930,cash,completed
523,745493,credit,approved
524,589192,debit,completed
525,954139,debit,pending
526,397249,credit,pending
527,801440,credit,completed
528,257690,cash,pending
529,527920,debit,pending
530,989546,debit,pending
531,743704,cash,completed
532,121376,credit,approved
533,718000,cash,completed
534,825160,credit,completed
535,706454,cash,completed
536,215847,debit,completed
537,674341,cash,completed
538,977168,cash,pending
539,567520,debit,approved
540,55707,credit,pending
541,32325,credit,pending
542,270377,debit,pending
543,722064,debit,approved
544,666892,credit,approved
545,164080,debit,approved
546,39972,debit,completed
547,811561,credit,completed
548,461806,cash,approved
549,209908,credit,pending
550,838122,cash,completed
551,753521,cash,completed
552,568026,credit,approved
553,333267,debit,completed
554,651415,credit,completed
555,834517,debit,pending
556,798790,cash,approved
557,834919,cash,approved
558,189083,cash,pending
559,996463,credit,approved
560,659010,credit,pending
561,263662,cash,completed
562,985623,credit,pending
563,309924,credit,completed
564,344767,cash,completed
565,103177,debit,pending
566,183711,credit,approved
567,575579,credit,pending
568,844663,debit,approved
569,144989,cash,approved
570,835518,debit,completed
571,439726,cash,completed
572,627462,debit,completed
573,854753,debit,completed
574,721515,debit,approved
575,13085,cash,pending
576,209835,credit,approved
577,457974,cash,completed
578,718172,credit,completed
579,662173,credit,approved
580,481839,cash,completed
581,982504,credit,pending
582,511056,cash,completed
583,972524,credit,approved
584,829070,cash,pending
585,641690,credit,approved
586,104896,cash,approved
587,50608,cash,pending
588,710766,debit,pending
589,265647,debit,approved
590,259892,credit,completed
591,152191,debit,pending
592,339214,cash,pending
593,703139,debit,completed
594,164482,cash,approved
595,236611,debit,completed
596,428886,credit,pending
597,972610,credit,completed
598,896148,debit,completed
599,116412,cash,approved
600,802792,debit,pending
601,610258,debit,pending
602,835461,cash,completed
603,509712,credit,pending
604,806584,debit,pending
605,497871,credit,approved
606,15112,debit,approved
607,566972,cash,approved
608,828462,credit,approved
609,593777,cash,approved
610,103498,debit,approved
611,629344,debit,completed
612,420668,credit,completed
613,826882,cash,pending
614,169408,debit,pending
615,970134,cash,completed
616,138145,debit,pending
617,371368,credit,pending
618,406085,debit,pending
619,372995,credit,completed
620,253003,cash,pending
621,399608,debit,completed
622,95763,credit,pending
623,244480,credit,approved
624,204372,credit,approved
625,937469,debit,pending
626,415102,cash,pending
627,539567,debit,pending
628,941136,credit,pending
629,387298,debit,pending
630,747382,cash,approved
631,101182,debit,approved
632,548842,credit,approved
633,200789,debit,approved
634,392574,credit,pending
635,254016,cash,pending
636,230185,debit,pending
637,935489,credit,completed
638,905627,debit,completed
639,515528,credit,completed
640,412755,credit,completed
641,194463,cash,approved
642,616153,cash,completed
643,609944,cash,approved
644,359012,cash,approved
645,210101,debit,approved
646,109463,debit,completed
647,518395,credit,pending
648,820725,cash,completed
649,611797,cash,pending
650,486817,cash,approved
651,947061,cash,approved
652,876699,credit,pending
653,621946,debit,approved
654,568478,cash,approved
655,606354,cash,pending
656,235384,debit,completed
657,69032,cash,approved
658,736948,debit,completed
659,975811,debit,approved
660,617573,credit,pending
661,743798,cash,pending
662,604028,debit,completed
663,680755,credit,approved
664,467469,cash,approved
665,49666,cash,completed
666,238565,credit,approved
667,726705,cash,pending
668,733049,credit,completed
669,684172,cash,pending
670,901007,credit,approved
671,974331,debit,pending
672,814408,credit,pending
673,458026,credit,pending
674,204808,cash,pending
675,349721,cash,completed
676,680240,debit,pending
677,505684,debit,pending
678,105786,cash,approved
679,700549,credit,pending
680,798463,cash,completed
681,596215,cash,pending
682,208150,cash,completed
683,10961,debit,approved
684,303222,cash,pending
685,680499,credit,approved
686,954827,cash,approved
687,239544,debit,completed
688,993275,cash,approved
689,784214,cash,completed
690,308772,credit,pending
691,236887,debit,approved
692,288673,cash,approved
693,581000,debit,pending
694,150562,cash,pending
695,57688,cash,completed
696,893557,credit,completed
697,882645,debit,completed
698,561902,cash,pending
699,646276,debit,approved
700,206547,debit,approved
701,740933,credit,completed
702,705630,cash,pending
703,271880,cash,approved
704,847465,debit,completed
705,459816,debit,approved
706,416004,credit,pending
707,309885,credit,approved
708,428193,debit,completed
709,919311,cash,pending
710,12398,credit,pending
711,708069,cash,completed
712,882295,debit,pending
713,899786,debit,approved
714,879652,credit,pending
715,753454,credit,pending
716,507694,credit,pending
717,732932,cash,completed
718,940412,debit,pending
719,275189,debit,pending
720,883239,credit,pending
721,590400,debit,completed
722,828991,debit,completed
723,58931,credit,completed
724,980142,credit,pending
725,809732,debit,approved
726,488383,debit,pending
727,146603,credit,approved
728,821669,cash,pending
729,461951,cash,completed
730,59344,credit,approved
731,782840,debit,approved
732,264839,debit,pending
733,536015,credit,pending
734,681575,debit,pending
735,560545,credit,approved
736,178083,cash,completed
737,400685,credit,pending
738,656691,credit,approved
739,174867,cash,completed
740,467065,debit,completed
741,22624,cash,pending
742,452639,credit,pending
743,933122,credit,completed
744,219866,cash,completed
745,544863,cash,pending
746,401813,cash,approved
747,869436,debit,completed
748,60176,cash,completed
749,951797,cash,pending
750,798121,debit,completed
751,131984,debit,pending
752,651065,credit,completed
753,303259,debit,pending
754,870635,cash,pending
755,406712,cash,completed
756,391750,cash,approved
757,947856,debit,approved
758,179857,credit,pending
759,788662,credit,completed
760,739527,debit,approved
761,385319,credit,approved
762,817364,cash,approved
763,61129,debit,pending
764,777586,cash,pending
765,958410,credit,approved
766,481537,credit,approved
767,567687,credit,approved
768,252730,cash,completed
769,906159,credit,approved
770,326500,debit,approved
771,32450,debit,completed
772,908930,credit,completed
773,851745,cash,completed
774,692820,cash,approved
775,365361,debit,pending
776,285337,debit,approved
777,427163,debit,completed
778,195288,credit,pending
779,858814,credit,completed
780,259781,debit,completed
781,812765,credit,completed
782,47163,debit,approved
783,910804,cash,pending
784,780436,cash,pending
785,553239,debit,approved
786,544862,credit,pending
787,933446,credit,completed
788,813391,credit,completed
789,208775,credit,completed
790,690452,credit,completed
791,754121,credit,approved
792,96934,credit,completed
793,460358,debit,completed
794,328888,credit,pending
795,687508,cash,pending
796,1610,debit,pending
797,644675,debit,completed
798,157097,credit,completed
799,430270,debit,approved
800,83152,credit,approved
801,896325,credit,completed
802,331572,cash,pending
803,106453,cash,pending
804,666456,cash,completed
805,76712,cash,completed
806,227811,debit,completed
807,623135,cash,completed
808,690335,debit,approved
809,907406,cash,approved
810,762105,debit,completed
811,919753,debit,approved
812,926034,cash,completed
813,632494,credit,pending
814,900324,debit,pending
815,863270,credit,pending
816,536577,credit,pending
817,882972,debit,pending
818,489641,debit,approved
819,243582,cash,pending
820,995569,debit,completed
821,866661,debit,completed
822,634074,cash,approved
823,303487,cash,completed
824,237643,cash,pending
825,501592,credit,completed
826,767470,credit,pending
827,81233,credit,approved
828,202302,cash,approved
829,555731,debit,completed
830,763351,debit,approved
831,5749,credit,approved
832,310980,credit,approved
833,518748,credit,completed
834,898964,credit,completed
835,216795,debit,approved
836,728804,debit,completed
837,592573,debit,completed
838,778099,cash,completed
839,691754,cash,pending
840,180925,debit,completed
841,638241,debit,completed
842,185644,credit,pending
843,140682,credit,pending
844,551980,cash,approved
845,666480,credit,approved
846,678872,credit,pending
847,112247,debit,approved
848,751866,cash,completed
849,669146,cash,approved
850,261074,credit,pending
851,316106,credit,approved
852,456211,debit,completed
853,90090,debit,approved
854,860841,cash,approved
855,125056,debit,completed
856,67215,cash,approved
857,518941,cash,completed
858,911666,credit,pending
859,954250,credit,approved
860,649656,credit,approved
861,491931,credit,approved
862,326046,debit,approved
863,428758,credit,pending
864,466633,credit,pending
865,787697,debit,approved
866,284116,credit,completed
867,909162,debit,completed
868,472824,debit,pending
869,550004,credit,pending
870,187492,debit,completed
871,603002,cash,completed
872,123984,debit,approved
873,163752,cash,completed
874,985663,credit,completed
875,188580,cash,completed
876,204252,debit,pending
877,308362,credit,pending
878,863503,cash,completed
879,616150,cash,pending
880,396613,credit,completed
881,555050,credit,completed
882,336526,credit,approved
883,282038,credit,approved
884,927490,debit,approved
885,399780,credit,approved
886,303732,debit,completed
887,52111,debit,completed
888,983085,debit,completed
889,434395,cash,approved
890,489352,credit,approved
891,781913,credit,approved
892,603635,cash,pending
893,980736,credit,pending
894,98041,cash,pending
895,775945,credit,completed
896,175601,credit,approved
897,508446,debit,approved
898,957123,credit,approved
899,682143,debit,pending
900,516561,debit,completed
901,762939,credit,approved
902,952174,cash,pending
903,187877,credit,approved
904,766436,credit,approved
905,869178,credit,approved
906,803281,credit,pending
907,331937,debit,completed
908,596522,debit,approved
909,426098,debit,completed
910,75470,credit,approved
911,445579,debit,approved
912,699876,debit,pending
913,931404,credit,pending
914,460236,cash,pending
915,793064,debit,completed
916,910720,debit,completed
917,909177,credit,approved
918,357077,debit,approved
919,667166,cash,approved
920,62530,credit,pending
921,163254,cash,pending
922,315043,debit,completed
923,961946,cash,completed
924,746969,debit,completed
925,480623,credit,pending
926,65650,credit,completed
927,28123,debit,approved
928,801146,credit,pending
929,391829,debit,pending
930,302530,credit,approved
931,678824,debit,approved
932,459149,debit,approved
933,520769,cash,approved
934,313927,debit,approved
935,562686,credit,approved
936,397954,credit,approved
937,507969,credit,approved
938,965663,cash,pending
939,957151,credit,completed
940,160078,debit,completed
941,132573,cash,approved
942,758490,credit,completed
943,25155,credit,pending
944,817726,debit,completed
945,673224,cash,completed
946,285210,cash,approved
947,646281,cash,pending
948,445421,cash,completed
949,680305,cash,completed
950,765126,debit,completed
951,41798,credit,pending
952,828674,credit,pending
953,478022,cash,pending
954,882628,credit,pending
955,206303,credit,completed
956,336624,cash,approved
957,180466,debit,approved
958,321092,debit,approved
959,410199,debit,completed
960,220673,cash,pending
961,390799,debit,approved
962,897492,debit,approved
963,795213,debit,completed
964,340326,cash,pending
965,56770,credit,completed
966,452331,cash,approved
967,421489,cash,pending
968,982505,credit,approved
969,87228,debit,approved
970,903715,cash,completed
971,179960,debit,pending
972,782939,credit,approved
973,183662,debit,approved
974,463791,cash,approved
975,350108,credit,pending
976,689508,credit,completed
977,173383,cash,pending
978,398314,debit,pending
979,174371,debit,completed
980,978530,debit,pending
981,794195,credit,approved
982,842130,credit,pending
983,609058,debit,pending
984,353393,cash,approved
985,310966,cash,pending
986,402220,debit,pending
987,259666,credit,completed
988,244156,cash,pending
989,611262,credit,approved
990,561566,debit,approved
991,463606,debit,approved
992,597629,credit,completed
993,316801,credit,completed
994,799982,debit,approved
995,812577,debit,completed
996,487194,debit,approved
997,95774,debit,pending
998,889248,credit,completed
999,357587,credit,completed
1000,40983,debit,completed
1001,758096,credit,completed
1002,814840,debit,approved
1003,559983,cash,completed
1004,362028,cash,pending
1005,208682,debit,completed
1006,339320,debit,approved
1007,75043,credit,completed
1008,839221,cash,pending
1009,668755,cash,approved
1010,70657,cash,completed
1011,171600,cash,completed
1012,82446,cash,approved
1013,543845,debit,approved
1014,530279,debit,approved
1015,637066,debit,pending
1016,449475,cash,approved
1017,773011,cash,pending
1018,376966,credit,approved
1019,418569,credit,completed
1020,404503,cash,approved
1021,447530,cash,completed
1022,299939,cash,approved
1023,122401,debit,pending
1024,74461,cash,pending
1025,464757,credit,completed
1026,212534,cash,approved
1027,354925,credit,completed
1028,798080,cash,pending
1029,413750,cash,approved
1030,40761,debit,pending
1031,962427,credit,completed
1032,164383,debit,approved
1033,532541,credit,completed
1034,586956,cash,pending
1035,80372,debit,completed
1036,599430,credit,approved
1037,41570,debit,pending
1038,292439,debit,completed
1039,307168,credit,completed
1040,849769,debit,pending
1041,332936,cash,completed
1042,817956,debit,approved
1043,786415,cash,pending
1044,191572,debit,completed
1045,598205,debit,completed
1046,768791,debit,completed
1047,246392,debit,approved
1048,795081,cash,pending
1049,564855,debit,pending
1050,86099,cash,pending
1051,958116,debit,approved
1052,520752,debit,completed
1053,695743,credit,pending
1054,19765,credit,approved
1055,434340,debit,approved
1056,317722,debit,completed
1057,943946,debit,pending
1058,203553,debit,completed
1059,709387,debit,pending
1060,480781,debit,pending
1061,201615,credit,pending
1062,166245,cash,completed
1063,53054,cash,completed
1064,340282,debit,pending
1065,15003,debit,pending
1066,151837,debit,completed
1067,277585,credit,completed
1068,23951,cash,pending
1069,292730,cash,pending
1070,276086,cash,completed
1071,865281,credit,completed
1072,85621,cash,approved
1073,567558,debit,approved
1074,759273,credit,pending
1075,335846,credit,pending
1076,676242,debit,approved
1077,271995,cash,pending
1078,323539,cash,completed
1079,384688,debit,approved
1080,170966,cash,approved
1081,775387,debit,pending
1082,639562,debit,approved
1083,609245,credit,approved
1084,994229,credit,completed
1085,149447,cash,completed
1086,969331,credit,approved
1087,682330,debit,completed
1088,600127,debit,completed
1089,458382,debit,completed
1090,80572,cash,pending
1091,267223,cash,approved
1092,478999,credit,completed
1093,869689,cash,approved
1094,418625,debit,pending
1095,477173,credit,approved
1096,680853,credit,completed
1097,177016,cash,pending
1098,16120,cash,approved
1099,306807,debit,approved
1100,471556,debit,completed
1101,348262,credit,pending
1102,63623,debit,approved
1103,400403,debit,approved
1104,3697,cash,pending
1105,397313,debit,approved
1106,804859,credit,completed
1107,106126,cash,pending
1108,624922,debit,pending
1109,47983,cash,pending
1110,427349,debit,approved
1111,994641,debit,completed
1112,416850,debit,pending
1113,207164,credit,pending
1114,754522,debit,pending
1115,770372,cash,pending
1116,80780,credit,pending
1117,690588,debit,completed
1118,929668,cash,pending
1119,459508,credit,completed
1120,443381,cash,approved
1121,727448,credit,pending
1122,649143,cash,approved
1123,360674,debit,approved
1124,293713,cash,pending
1125,640456,cash,completed
1126,641501,credit,pending
1127,601873,debit,approved
1128,660628,debit,approved
1129,927436,debit,pending
1130,314523,debit,completed
1131,842905,cash,pending
1132,875770,credit,approved
1133,209929,cash,pending
1134,446393,cash,approved
1135,353095,debit,approved
1136,414203,credit,pending
1137,949109,debit,completed
1138,67716,cash,completed
1139,65485,credit,approved
1140,349801,debit,completed
1141,477074,debit,approved
1142,350312,credit,approved
1143,567110,cash,approved
1144,473340,cash,approved
1145,608849,credit,completed
1146,538976,debit,pending
1147,551580,credit,pending
1148,953575,credit,approved
1149,352516,debit,pending
1150,319747,credit,pending
1151,457362,cash,pending
1152,377096,cash,pending
1153,316224,debit,completed
1154,201191,credit,completed
1155,192104,debit,approved
1156,125510,credit,completed
1157,986359,cash,approved
1158,557541,credit,completed
1159,781883,debit,completed
1160,531307,credit,approved
1161,711344,debit,approved
1162,947961,cash,pending
1163,168985,credit,approved
1164,166507,credit,approved
1165,129536,cash,approved
1166,470038,debit,approved
1167,286266,cash,pending
1168,503504,credit,approved
1169,657463,debit,approved
1170,340122,cash,completed
1171,717171,debit,completed
1172,752898,credit,approved
1173,976597,debit,pending
1174,987203,cash,pending
1175,216471,credit,approved
1176,725578,cash,completed
1177,517419,credit,approved
1178,557333,cash,pending
1179,893291,debit,completed
1180,340265,cash,completed
1181,144156,credit,completed
1182,685283,credit,completed
1183,540686,credit,approved
1184,303597,cash,completed
1185,656389,debit,approved
1186,218723,credit,approved
1187,463394,credit,pending
1188,651563,credit,approved
1189,671953,credit,approved
1190,301231,credit,pending
1191,80185,debit,pending
1192,20092,cash,approved
1193,675988,credit,pending
1194,169040,cash,pending
1195,319652,cash,approved
1196,773220,debit,pending
1197,265154,credit,approved
1198,197621,debit,pending
1199,750600,debit,pending
1200,666272,cash,approved
1201,584321,debit,pending
1202,585964,debit,approved
1203,728403,cash,approved
1204,998510,debit,pending
1205,247117,credit,pending
1206,390556,debit,completed
1207,515443,credit,pending
1208,923940,credit,approved
1209,359775,cash,completed
1210,639190,credit,completed
1211,153860,debit,pending
1212,941640,debit,approved
1213,593740,debit,pending
1214,58658,debit,approved
1215,947522,credit,completed
1216,391227,cash,completed
1217,354944,credit,approved
1218,346530,credit,approved
1219,301937,credit,pending
1220,914672,cash,approved
1221,409050,cash,completed
1222,611383,cash,approved
1223,596499,cash,pending
1224,709210,debit,completed
1225,527705,credit,approved
1226,607332,credit,approved
1227,259921,debit,completed
1228,90829,cash,pending
1229,344935,cash,approved
1230,302870,cash,completed
1231,13243,credit,approved
1232,753657,credit,pending
1233,439902,credit,pending
1234,18057,credit,completed
1235,117292,cash,completed
1236,51395,credit,completed
1237,993154,debit,approved
1238,602201,debit,pending
1239,898593,credit,completed
1240,374577,credit,completed
1241,162165,credit,completed
1242,571501,debit,completed
1243,547505,cash,pending
1244,352424,credit,pending
1245,308414,cash,pending
1246,177469,cash,pending
1247,900265,cash,completed
1248,757694,debit,pending
1249,228550,credit,pending
1250,997569,debit,approved
1251,388016,debit,completed
1252,740117,cash,completed
1253,587067,debit,completed
1254,223299,cash,pending
1255,631808,credit,pending
1256,35424,debit,completed
1257,606421,credit,approved
1258,967437,credit,approved
1259,612120,credit,approved
1260,37643,cash,pending
1261,659988,credit,approved
1262,943036,cash,approved
1263,143100,credit,completed
1264,908045,debit,approved
1265,436898,cash,completed
1266,883178,cash,completed
1267,998003,cash,completed
1268,710764,debit,pending
1269,952626,cash,completed
1270,818741,debit,approved
1271,909616,debit,approved
1272,277582,debit,approved
1273,302602,cash,pending
1274,544377,credit,pending
1275,471470,debit,pending
1276,554343,debit,completed
1277,569826,credit,pending
1278,388935,cash,approved
1279,211064,debit,completed
1280,332585,cash,completed
1281,861775,cash,pending
1282,84693,credit,completed
1283,776160,cash,pending
1284,581538,debit,pending
1285,874154,debit,pending
1286,364695,debit,approved
1287,840236,cash,completed
1288,401189,credit,completed
1289,149440,credit,pending
1290,890591,credit,pending
1291,866005,credit,approved
1292,178786,debit,approved
1293,467047,debit,completed
1294,289049,cash,pending
1295,765348,debit,pending
1296,37385,credit,completed
1297,38574,cash,approved
1298,15991,cash,approved
1299,423568,cash,completed
1300,673266,credit,completed
1301,732782,debit,pending
1302,796594,cash,pending
1303,767370,credit,approved
1304,33920,debit,completed
1305,879719,cash,approved
1306,758446,credit,completed
1307,716135,credit,approved
1308,16318,cash,pending
1309,832337,cash,approved
1310,522834,debit,pending
1311,99159,debit,pending
1312,208148,credit,approved
1313,276252,debit,pending
1314,477616,credit,completed
1315,418067,debit,approved
1316,764244,cash,approved
1317,131375,credit,pending
1318,738982,debit,completed
1319,314082,credit,completed
1320,867124,debit,approved
1321,117366,debit,pending
1322,958873,debit,pending
1323,954163,cash,pending
1324,56147,credit,completed
1325,77886,debit,approved
1326,524331,credit,pending
1327,697581,cash,completed
1328,941099,credit,completed
1329,512777,credit,completed
1330,792580,credit,approved
1331,935722,credit,approved
1332,495931,cash,pending
1333,736067,credit,approved
1334,895184,debit,completed
1335,377233,debit,completed
1336,314674,credit,pending
1337,586910,credit,completed
1338,569985,credit,pending
1339,479475,credit,pending
1340,518854,debit,completed
1341,972589,debit,completed
1342,949028,cash,completed
1343,380598,cash,pending
1344,570930,debit,approved
1345,21729,credit,completed
1346,720249,cash,pending
1347,707776,debit,pending
1348,645323,cash,approved
1349,592186,debit,completed
1350,288611,credit,pending
1351,935373,credit,approved
1352,877518,debit,completed
1353,901616,debit,approved
1354,777037,debit,pending
1355,215784,debit,approved
1356,571196,cash,completed
1357,858340,cash,pending
1358,234608,cash,approved
1359,823675,debit,completed
1360,869302,debit,pending
1361,158926,debit,completed
1362,735772,debit,pending
1363,901571,credit,approved
1364,586678,debit,pending
1365,513538,debit,pending
1366,702525,cash,pending
1367,647178,debit,approved
1368,891158,cash,approved
1369,597814,debit,completed
1370,581076,cash,approved
1371,74992,debit,completed
1372,637171,cash,approved
1373,879645,credit,pending
1374,991773,cash,approved
1375,260692,debit,completed
1376,845598,debit,completed
1377,202282,cash,approved
1378,549439,debit,completed
1379,714281,credit,completed
1380,531366,cash,pending
1381,932744,credit,pending
1382,647911,credit,completed
1383,216757,debit,pending
1384,36502,cash,completed
1385,121682,debit,approved
1386,127140,debit,completed
1387,370013,credit,pending
1388,426133,debit,approved
1389,36499,credit,pending
1390,996164,debit,completed
1391,720733,debit,completed
1392,659893,debit,pending
1393,359914,cash,completed
1394,386255,cash,pending
1395,421108,cash,approved
1396,361620,credit,completed
1397,974401,debit,completed
1398,190780,cash,pending
1399,902310,credit,completed
1400,33625,debit,approved
1401,601887,credit,completed
1402,106091,credit,completed
1403,926018,cash,approved
1404,480514,cash,completed
1405,971145,cash,completed
1406,156602,debit,approved
1407,886643,debit,approved
1408,518041,credit,completed
1409,195333,credit,pending
1410,444232,debit,completed
1411,565910,cash,approved
1412,438485,cash,pending
1413,879371,cash,completed
1414,589247,cash,approved
1415,45435,cash,pending
1416,853568,cash,pending
1417,61139,debit,approved
1418,281725,debit,pending
1419,478325,debit,completed
1420,821023,cash,completed
1421,252653,credit,approved
1422,57946,debit,completed
1423,937774,cash,approved
1424,582463,credit,completed
1425,757021,cash,completed
1426,546704,cash,completed
1427,364656,credit,completed
1428,375668,debit,approved
1429,918318,credit,completed
1430,532535,debit,approved
1431,976912,credit,completed
1432,509477,cash,approved
1433,52419,credit,pending
1434,984862,debit,pending
1435,349897,credit,pending
1436,163710,cash,completed
1437,136683,debit,pending
1438,44735,credit,pending
1439,453802,credit,approved
1440,780816,credit,pending
1441,506042,cash,completed
1442,767116,debit,pending
1443,13499,credit,pending
1444,462809,credit,completed
1445,708758,credit,pending
1446,933220,cash,pending
1447,602680,debit,completed
1448,638490,debit,completed
1449,435399,debit,completed
1450,374954,debit,approved
1451,810641,credit,approved
1452,423112,debit,completed
1453,351045,cash,approved
1454,307789,credit,approved
1455,148191,debit,pending
1456,477371,credit,approved
1457,365275,debit,completed
1458,786683,credit,pending
1459,127401,credit,approved
1460,95708,cash,approved
1461,125541,cash,approved
1462,51879,cash,pending
1463,435824,credit,approved
1464,10874,debit,completed
1465,455701,credit,approved
1466,142926,cash,approved
1467,413485,credit,pending
1468,95120,credit,pending
1469,800560,debit,approved
1470,585612,cash,completed
1471,368909,cash,approved
1472,752049,debit,pending
1473,491990,cash,approved
1474,68946,debit,pending
1475,960787,cash,completed
1476,56765,debit,completed
1477,843531,debit,completed
1478,424024,cash,completed
1479,199830,credit,completed
1480,777036,cash,pending
1481,127088,debit,approved
1482,145750,cash,approved
1483,112778,cash,pending
1484,460252,credit,approved
1485,835797,cash,pending
1486,665860,cash,pending
1487,647871,cash,completed
1488,112236,credit,completed
1489,231959,debit,approved
1490,339297,credit,pending
1491,604975,credit,approved
1492,52978,credit,completed
1493,957718,credit,approved
1494,466903,credit,pending
1495,782207,credit,pending
1496,137978,cash,completed
1497,474298,credit,pending
1498,700711,debit,completed
1499,653543,debit,approved
1500,547291,debit,approved
1501,128331,credit,pending
1502,675900,cash,pending
1503,425908,credit,completed
1504,991249,credit,approved
1505,191019,credit,approved
1506,613779,debit,approved
1507,891644,debit,approved
1508,362254,cash,pending
1509,805263,credit,completed
1510,608600,cash,completed
1511,869608,debit,approved
1512,950465,debit,pending
1513,751395,debit,pending
1514,423041,debit,completed
1515,657573,credit,pending
1516,256759,debit,approved
1517,76549,cash,approved
1518,244759,cash,pending
1519,94515,debit,approved
1520,76004,credit,approved
1521,872807,credit,approved
1522,518535,cash,approved
1523,757258,debit,approved
1524,821002,debit,approved
1525,650814,debit,pending
1526,52708,credit,completed
1527,586835,credit,completed
1528,40994,credit,approved
1529,30209,cash,completed
1530,763203,cash,completed
1531,578259,debit,pending
1532,445128,cash,pending
1533,536699,credit,pending
1534,34268,credit,completed
1535,440672,credit,approved
1536,554719,cash,completed
1537,758728,credit,pending
1538,26509,debit,approved
1539,196608,debit,pending
1540,211808,credit,completed
1541,961807,cash,completed
1542,245170,cash,pending
1543,771074,credit,approved
1544,540414,cash,approved
1545,735917,cash,approved
1546,114489,cash,pending
1547,862353,credit,pending
1548,114218,credit,approved
1549,81575,credit,approved
1550,286852,credit,pending
1551,565725,debit,pending
1552,999273,credit,completed
1553,29595,debit,completed
1554,111272,cash,completed
1555,465841,cash,pending
1556,533794,debit,pending
1557,219911,debit,completed
1558,35435,debit,approved
1559,243029,credit,approved
1560,783461,cash,pending
1561,603387,cash,approved
1562,2572,debit,pending
1563,806517,debit,pending
1564,233961,cash,pending
1565,974906,cash,completed
1566,661103,cash,completed
1567,895910,debit,pending
1568,512347,credit,pending
1569,946864,debit,completed
1570,423929,cash,approved
1571,568676,credit,approved
1572,45220,debit,approved
1573,157024,cash,completed
1574,772702,cash,completed
1575,737815,cash,completed
1576,358754,cash,approved
1577,493981,cash,completed
1578,331444,credit,completed
1579,108511,credit,completed
1580,856219,credit,completed
1581,351463,credit,approved
1582,77766,debit,completed
1583,941304,debit,pending
1584,759642,credit,completed
1585,510063,cash,completed
1586,483257,cash,pending
1587,402776,credit,approved
1588,388623,debit,pending
1589,993788,credit,completed
1590,802350,cash,approved
1591,713020,cash,completed
1592,105818,credit,pending
1593,455612,cash,pending
1594,804018,credit,completed
1595,482032,credit,approved
1596,248755,credit,pending
1597,608547,debit,approved
1598,66177,cash,pending
1599,304909,cash,pending
1600,421448,debit,approved
1601,526669,credit,completed
1602,858914,credit,completed
1603,434451,debit,approved
1604,724916,cash,pending
1605,754737,debit,completed
1606,355661,credit,pending
1607,324551,credit,pending
1608,93934,credit,pending
1609,188636,credit,approved
1610,313197,debit,approved
1611,449433,cash,completed
1612,566871,debit,pending
1613,899716,credit,approved
1614,644927,debit,approved
1615,329137,debit,completed
1616,873852,debit,pending
1617,852120,credit,pending
1618,982389,cash,pending
1619,48367,cash,approved
1620,941355,credit,pending
1621,113211,credit,completed
1622,700750,cash,completed
1623,975170,debit,pending
1624,883016,debit,completed
1625,272937,debit,completed
1626,160777,credit,approved
1627,874763,cash,approved
1628,470415,cash,completed
1629,967545,cash,completed
1630,222611,credit,pending
1631,990354,cash,pending
1632,866587,credit,pending
1633,1066,cash,pending
1634,707138,debit,completed
1635,616409,credit,pending
1636,720740,debit,approved
1637,151129,debit,pending
1638,857184,cash,approved
1639,504883,cash,pending
1640,834184,debit,pending
1641,848473,cash,completed
1642,70258,credit,completed
1643,272560,cash,pending
1644,519696,cash,pending
1645,936086,cash,completed
1646,955136,cash,approved
1647,546098,debit,pending
1648,963950,credit,completed
1649,30447,cash,approved
1650,547339,debit,pending
1651,858911,cash,approved
1652,583990,credit,pending
1653,581133,debit,pending
1654,657982,debit,completed
1655,509350,credit,completed
1656,759112,debit,approved
1657,885368,debit,approved
1658,678714,credit,completed
1659,184079,credit,completed
1660,877008,credit,approved
1661,137332,debit,approved
1662,652382,cash,completed
1663,144826,cash,approved
1664,373016,debit,pending
1665,324906,credit,pending
1666,127091,credit,pending
1667,483916,debit,completed
1668,997132,debit,pending
1669,844396,credit,pending
1670,307908,cash,completed
1671,12817,credit,pending
1672,122772,credit,approved
1673,330865,credit,pending
1674,721428,cash,approved
1675,490833,cash,completed
1676,608401,cash,pending
1677,629721,credit,pending
1678,635182,credit,approved
1679,250679,credit,approved
1680,253494,cash,approved
1681,456172,debit,pending
1682,84037,credit,pending
1683,665888,credit,completed
1684,632465,debit,approved
1685,588253,debit,pending
1686,589304,cash,completed
1687,334118,debit,completed
1688,819977,debit,completed
1689,489992,credit,completed
1690,343103,debit,completed
1691,780198,credit,pending
1692,162658,cash,completed
1693,29962,cash,pending
1694,233590,credit,completed
1695,805637,cash,approved
1696,734308,cash,completed
1697,345722,cash,pending
1698,915571,debit,completed
1699,451094,credit,completed
1700,7215,cash,pending
1701,263311,debit,approved
1702,127834,debit,pending
1703,206972,cash,completed
1704,614661,cash,approved
1705,962543,cash,pending
1706,105494,credit,completed
1707,201316,debit,completed
1708,408113,debit,completed
1709,12355,debit,pending
1710,39620,credit,approved
1711,945359,credit,completed
1712,670894,cash,pending
1713,838345,cash,approved
1714,547902,debit,completed
1715,353628,debit,pending
1716,296356,cash,approved
1717,385216,credit,completed
1718,643717,debit,pending
1719,330464,cash,pending
1720,690965,credit,approved
1721,552575,credit,pending
1722,123505,debit,approved
1723,222410,cash,pending
1724,175379,credit,approved
1725,626024,credit,approved
1726,863729,credit,completed
1727,735276,cash,pending
1728,500393,cash,approved
1729,333046,cash,completed
1730,707981,debit,approved
1731,61898,cash,completed
1732,5529,cash,completed
1733,360684,credit,pending
1734,421740,debit,pending
1735,907693,debit,approved
1736,544838,cash,completed
1737,621850,credit,completed
1738,910442,debit,pending
1739,378224,cash,approved
1740,403887,credit,approved
1741,75838,credit,approved
1742,247555,cash,pending
1743,663256,credit,pending
1744,498207,cash,completed
1745,370482,credit,completed
1746,965070,credit,approved
1747,288670,debit,approved
1748,131073,credit,pending
1749,241283,cash,approved
1750,888289,credit,pending
1751,950742,debit,pending
1752,516225,credit,completed
1753,988701,debit,approved
1754,259122,cash,completed
1755,134717,cash,pending
1756,761400,debit,pending
1757,92630,credit,pending
1758,935787,debit,completed
1759,817186,credit,completed
1760,128184,cash,pending
1761,2805,debit,completed
1762,944841,cash,approved
1763,38580,credit,completed
1764,64275,credit,completed
1765,876551,cash,pending
1766,82211,cash,approved
1767,632828,cash,approved
1768,66967,cash,pending
1769,746973,debit,pending
1770,275995,debit,approved
1771,36446,credit,approved
1772,879843,cash,approved
1773,263414,debit,approved
1774,830890,debit,pending
1775,332736,credit,approved
1776,231527,debit,pending
1777,704591,cash,completed
1778,250570,credit,approved
1779,972855,debit,approved
1780,677203,cash,pending
1781,849050,cash,pending
1782,742303,credit,approved
1783,717797,credit,approved
1784,472740,debit,pending
1785,638771,debit,completed
1786,516958,debit,pending
1787,341814,cash,approved
1788,351192,cash,approved
1789,481540,debit,approved
1790,640871,debit,pending
1791,972065,cash,approved
1792,645845,debit,approved
1793,198419,credit,pending
1794,924058,debit,completed
1795,559134,credit,completed
1796,819809,credit,pending
1797,70951,debit,approved
1798,518567,credit,approved
1799,667399,debit,approved
1800,630828,credit,approved
1801,608471,debit,approved
1802,142887,cash,pending
1803,542394,credit,approved
1804,878227,credit,completed
1805,524149,credit,approved
1806,432856,debit,pending
1807,860978,cash,pending
1808,725146,credit,completed
1809,183800,credit,completed
1810,903436,cash,completed
1811,587237,credit,pending
1812,821197,cash,approved
1813,888471,debit,approved
1814,325332,cash,pending
1815,435223,credit,approved
1816,475070,debit,pending
1817,785882,credit,completed
1818,765798,cash,approved
1819,871835,debit,pending
1820,943846,cash,completed
1821,562840,debit,completed
1822,199306,debit,approved
1823,760142,debit,completed
1824,329329,cash,approved
1825,314692,cash,pending
1826,468339,credit,approved
1827,233741,cash,approved
1828,548813,credit,pending
1829,406749,debit,completed
1830,851154,debit,pending
1831,349995,credit,completed
1832,984552,debit,approved
1833,747243,debit,approved
1834,168705,credit,completed
1835,668843,cash,pending
1836,204449,cash,completed
1837,544015,cash,approved
1838,267155,credit,pending
1839,761796,debit,approved
1840,574061,debit,completed
1841,909933,credit,approved
1842,61906,cash,approved
1843,488493,debit,completed
1844,310668,debit,completed
1845,704897,cash,completed
1846,992086,debit,approved
1847,656393,credit,approved
1848,495723,debit,pending
1849,334154,credit,pending
1850,786106,credit,approved
1851,405525,credit,completed
1852,585329,credit,approved
1853,145669,credit,pending
1854,792208,cash,approved
1855,410673,cash,pending
1856,662611,debit,pending
1857,592288,cash,completed
1858,257572,debit,completed
1859,694465,debit,pending
1860,11280,debit,approved
1861,545574,debit,approved
1862,416384,credit,approved
1863,930591,cash,completed
1864,330507,credit,completed
1865,216868,cash,completed
1866,130886,cash,completed
1867,116955,debit,approved
1868,398875,credit,completed
1869,290649,debit,approved
1870,452298,cash,approved
1871,127324,debit,completed
1872,94277,credit,pending
1873,7616,cash,pending
1874,514932,cash,approved
1875,955036,cash,pending
1876,578666,debit,pending
1877,832449,cash,approved
1878,322923,debit,pending
1879,469694,debit,approved
1880,729136,debit,pending
1881,239919,cash,approved
1882,198537,debit,pending
1883,126591,cash,pending
1884,709849,credit,completed
1885,255396,cash,pending
1886,331164,debit,pending
1887,173331,cash,approved
1888,89395,debit,completed
1889,675848,cash,approved
1890,559049,credit,pending
1891,366724,cash,completed
1892,611235,cash,completed
1893,845858,debit,approved
1894,275045,debit,pending
1895,790682,debit,completed
1896,301688,cash,completed
1897,219071,cash,approved
1898,38192,cash,completed
1899,218648,cash,approved
1900,81131,cash,pending
1901,410463,credit,approved
1902,116011,debit,approved
1903,282792,debit,approved
1904,900522,debit,pending
1905,784935,credit,pending
1906,349609,credit,approved
1907,181215,credit,completed
1908,250248,debit,pending
1909,51716,debit,pending
1910,681541,debit,approved
1911,458716,cash,approved
1912,847907,debit,completed
1913,725298,cash,approved
1914,246256,cash,approved
1915,646411,credit,pending
1916,746461,credit,pending
1917,394601,cash,approved
1918,513359,credit,completed
1919,322121,credit,approved
1920,36777,credit,approved
1921,758048,credit,approved
1922,707472,cash,completed
1923,251409,cash,approved
1924,310385,credit,approved
1925,417038,debit,approved
1926,229699,credit,pending
1927,166173,credit,completed
1928,957758,debit,approved
1929,601755,credit,approved
1930,759473,credit,completed
1931,407769,debit,approved
1932,844611,credit,approved
1933,120108,debit,approved
1934,75781,credit,pending
1935,172801,credit,completed
1936,686141,credit,completed
1937,427569,credit,approved
1938,529405,cash,pending
1939,510043,debit,approved
1940,434238,credit,approved
1941,198098,debit,pending
1942,231648,cash,approved
1943,198369,debit,pending
1944,490769,credit,approved
1945,468911,debit,approved
1946,408864,credit,completed
1947,692729,debit,pending
1948,678881,cash,completed
1949,476029,debit,completed
1950,222952,cash,approved
1951,760455,cash,approved
1952,520205,cash,pending
1953,468295,cash,approved
1954,68893,debit,pending
1955,379899,cash,completed
1956,44226,cash,pending
1957,780482,cash,completed
1958,880105,cash,approved
1959,324952,debit,approved
1960,647404,debit,approved
1961,619038,cash,approved
1962,741411,credit,pending
1963,663835,cash,completed
1964,236322,credit,approved
1965,791789,credit,completed
1966,296814,credit,pending
1967,473110,credit,approved
1968,168902,credit,completed
1969,494819,debit,approved
1970,583146,credit,pending
1971,36655,credit,pending
1972,176439,debit,completed
1973,37757,cash,approved
1974,263292,credit,completed
1975,625405,debit,approved
1976,816190,debit,approved
1977,278478,cash,completed
1978,302805,credit,pending
1979,456223,debit,pending
1980,602898,cash,pending
1981,251556,credit,completed
1982,694185,cash,pending
1983,884691,cash,pending
1984,714369,cash,approved
1985,864487,credit,approved
1986,67603,debit,completed
1987,417391,cash,completed
1988,736578,cash,pending
1989,906097,debit,pending
1990,370852,cash,completed
1991,704669,debit,pending
1992,848370,debit,completed
1993,340963,debit,completed
1994,855155,cash,approved
1995,179757,cash,approved
1996,388525,cash,pending
1997,388108,debit,pending
1998,188376,credit,completed
1999,808368,cash,completed
